recoID,eventID,armID,groupID,rpID,uLineSize,vLineSize,siliconID,position,sigma_,uv_line_a,uv_line_b,uv_line_w
0,2,0,2,5,1,1,1,-9.32450008392,0.0190999992192,-0.00048318473273,4.91922903061,4.98758077621
0,2,0,2,5,1,1,3,-9.29150009155,0.0190999992192,-0.00048318473273,4.91922903061,4.98758077621
0,2,0,2,5,1,1,5,-9.29150009155,0.0190999992192,-0.00048318473273,4.91922903061,4.98758077621
0,2,0,2,5,1,1,7,-9.22550010681,0.0190999992192,-0.00048318473273,4.91922903061,4.98758077621
0,2,0,2,5,1,1,9,-9.22550010681,0.0190999992192,-0.00048318473273,4.91922903061,4.98758077621
0,2,0,2,5,1,1,0,-7.179500103,0.0190999992192,0.000366799824405,6.81208515167,4.98758077621
0,2,0,2,5,1,1,2,-7.11350011826,0.0190999992192,0.000366799824405,6.81208515167,4.98758077621
0,2,0,2,5,1,1,4,-7.04750013351,0.0190999992192,0.000366799824405,6.81208515167,4.98758077621
0,2,0,2,5,1,1,6,-7.04750013351,0.0190999992192,0.000366799824405,6.81208515167,4.98758077621
0,2,0,2,5,1,1,8,-6.91550016403,0.0190999992192,0.000366799824405,6.81208515167,4.98758077621
0,2,0,2,21,1,1,1,-8.03750038147,0.0190999992192,-0.000414658017689,6.01698112488,3.99006462097
0,2,0,2,21,1,1,3,-7.97149991989,0.0190999992192,-0.000414658017689,6.01698112488,3.99006462097
0,2,0,2,21,1,1,5,-7.90549993515,0.0190999992192,-0.000414658017689,6.01698112488,3.99006462097
0,2,0,2,21,1,1,7,-7.83949995041,0.0190999992192,-0.000414658017689,6.01698112488,3.99006462097
0,2,0,2,21,1,1,0,-8.23550033569,0.0190999992192,-0.00135345978197,6.25025749207,4.98758077621
0,2,0,2,21,1,1,2,-8.23550033569,0.0190999992192,-0.00135345978197,6.25025749207,4.98758077621
0,2,0,2,21,1,1,4,-8.20250034332,0.0190999992192,-0.00135345978197,6.25025749207,4.98758077621
0,2,0,2,21,1,1,6,-8.16950035095,0.0190999992192,-0.00135345978197,6.25025749207,4.98758077621
0,2,0,2,21,1,1,8,-8.23550033569,0.0190999992192,-0.00135345978197,6.25025749207,4.98758077621
0,2,0,2,25,1,1,1,-8.16950035095,0.0190999992192,-0.000648115004878,6.71191310883,4.98758077621
0,2,0,2,25,1,1,3,-8.03750038147,0.0190999992192,-0.000648115004878,6.71191310883,4.98758077621
0,2,0,2,25,1,1,5,-7.93849992752,0.0190999992192,-0.000648115004878,6.71191310883,4.98758077621
0,2,0,2,25,1,1,7,-7.83949995041,0.0190999992192,-0.000648115004878,6.71191310883,4.98758077621
0,2,0,2,25,1,1,9,-7.77349996567,0.0190999992192,-0.000648115004878,6.71191310883,4.98758077621
0,2,0,2,25,1,1,0,-7.64149999619,0.0190999992192,-0.000655841780826,6.85437250137,4.98758077621
0,2,0,2,25,1,1,2,-7.64149999619,0.0190999992192,-0.000655841780826,6.85437250137,4.98758077621
0,2,0,2,25,1,1,4,-7.64149999619,0.0190999992192,-0.000655841780826,6.85437250137,4.98758077621
0,2,0,2,25,1,1,6,-7.64149999619,0.0190999992192,-0.000655841780826,6.85437250137,4.98758077621
0,2,0,2,25,1,1,8,-7.57550001144,0.0190999992192,-0.000655841780826,6.85437250137,4.98758077621
0,2,1,4,104,1,1,1,-6.84950017929,0.0190999992192,-0.000471685954835,7.03884077072,4.98758077621
0,2,1,4,104,1,1,3,-6.84950017929,0.0190999992192,-0.000471685954835,7.03884077072,4.98758077621
0,2,1,4,104,1,1,5,-6.84950017929,0.0190999992192,-0.000471685954835,7.03884077072,4.98758077621
0,2,1,4,104,1,1,7,-6.84950017929,0.0190999992192,-0.000471685954835,7.03884077072,4.98758077621
0,2,1,4,104,1,1,9,-6.78350019455,0.0190999992192,-0.000471685954835,7.03884077072,4.98758077621
0,2,1,4,104,1,1,0,-8.49950027466,0.0190999992192,-0.00200251443312,5.46761608124,3.99006462097
0,2,1,4,104,1,1,2,-8.5655002594,0.0190999992192,-0.00200251443312,5.46761608124,3.99006462097
0,2,1,4,104,1,1,4,-8.5655002594,0.0190999992192,-0.00200251443312,5.46761608124,3.99006462097
0,2,1,4,104,1,1,6,-8.5655002594,0.0190999992192,-0.00200251443312,5.46761608124,3.99006462097
0,2,1,4,120,1,1,1,-9.48950004578,0.0190999992192,-0.000328022259055,6.57265472412,4.98758077621
0,2,1,4,120,1,1,3,-9.42350006104,0.0190999992192,-0.000328022259055,6.57265472412,4.98758077621
0,2,1,4,120,1,1,5,-9.42350006104,0.0190999992192,-0.000328022259055,6.57265472412,4.98758077621
0,2,1,4,120,1,1,7,-9.32450008392,0.0190999992192,-0.000328022259055,6.57265472412,4.98758077621
0,2,1,4,120,1,1,9,-9.35750007629,0.0190999992192,-0.000328022259055,6.57265472412,4.98758077621
0,2,1,4,120,1,1,0,-8.10350036621,0.0190999992192,-0.000192687875824,6.47599458694,4.98758077621
0,2,1,4,120,1,1,2,-8.03750038147,0.0190999992192,-0.000192687875824,6.47599458694,4.98758077621
0,2,1,4,120,1,1,4,-7.97149991989,0.0190999992192,-0.000192687875824,6.47599458694,4.98758077621
0,2,1,4,120,1,1,6,-7.83949995041,0.0190999992192,-0.000192687875824,6.47599458694,4.98758077621
0,2,1,4,120,1,1,8,-7.80649995804,0.0190999992192,-0.000192687875824,6.47599458694,4.98758077621
0,2,1,4,124,1,1,1,-6.91550016403,0.0190999992192,-7.91662387201e-05,7.13131904602,4.98758077621
0,2,1,4,124,1,1,3,-6.98150014877,0.0190999992192,-7.91662387201e-05,7.13131904602,4.98758077621
0,2,1,4,124,1,1,5,-6.98150014877,0.0190999992192,-7.91662387201e-05,7.13131904602,4.98758077621
0,2,1,4,124,1,1,7,-6.91550016403,0.0190999992192,-7.91662387201e-05,7.13131904602,4.98758077621
0,2,1,4,124,1,1,9,-6.91550016403,0.0190999992192,-7.91662387201e-05,7.13131904602,4.98758077621
0,2,1,4,124,1,1,0,-7.64149999619,0.0190999992192,-0.00125686440151,7.28953409195,4.98758077621
0,2,1,4,124,1,1,2,-7.64149999619,0.0190999992192,-0.00125686440151,7.28953409195,4.98758077621
0,2,1,4,124,1,1,4,-7.60850000381,0.0190999992192,-0.00125686440151,7.28953409195,4.98758077621
0,2,1,4,124,1,1,6,-7.57550001144,0.0190999992192,-0.00125686440151,7.28953409195,4.98758077621
0,2,1,4,124,1,1,8,-7.57550001144,0.0190999992192,-0.00125686440151,7.28953409195,4.98758077621
0,3,0,1,4,1,1,1,-8.5655002594,0.0190999992192,0.000339178775903,5.37297821045,4.98758077621
0,3,0,1,4,1,1,3,-8.5655002594,0.0190999992192,0.000339178775903,5.37297821045,4.98758077621
0,3,0,1,4,1,1,5,-8.49950027466,0.0190999992192,0.000339178775903,5.37297821045,4.98758077621
0,3,0,1,4,1,1,7,-8.49950027466,0.0190999992192,0.000339178775903,5.37297821045,4.98758077621
0,3,0,1,4,1,1,9,-8.49950027466,0.0190999992192,0.000339178775903,5.37297821045,4.98758077621
0,3,0,1,4,1,1,0,-6.1234998703,0.0190999992192,-0.00137227482628,7.46167039871,3.99006462097
0,3,0,1,4,1,1,2,-6.1234998703,0.0190999992192,-0.00137227482628,7.46167039871,3.99006462097
0,3,0,1,4,1,1,6,-6.25549983978,0.0190999992192,-0.00137227482628,7.46167039871,3.99006462097
0,3,0,1,4,1,1,8,-6.25549983978,0.0190999992192,-0.00137227482628,7.46167039871,3.99006462097
0,3,0,2,5,1,1,1,-10.0174999237,0.0190999992192,-0.00124707364012,4.25802230835,4.98758077621
0,3,0,2,5,1,1,3,-9.95149993896,0.0190999992192,-0.00124707364012,4.25802230835,4.98758077621
0,3,0,2,5,1,1,5,-9.95149993896,0.0190999992192,-0.00124707364012,4.25802230835,4.98758077621
0,3,0,2,5,1,1,7,-9.88549995422,0.0190999992192,-0.00124707364012,4.25802230835,4.98758077621
0,3,0,2,5,1,1,9,-9.88549995422,0.0190999992192,-0.00124707364012,4.25802230835,4.98758077621
0,3,0,2,5,1,1,0,-8.0045003891,0.0190999992192,0.000366799824405,6.00798511505,4.98758077621
0,3,0,2,5,1,1,2,-7.90549993515,0.0190999992192,0.000366799824405,6.00798511505,4.98758077621
0,3,0,2,5,1,1,4,-7.87249994278,0.0190999992192,0.000366799824405,6.00798511505,4.98758077621
0,3,0,2,5,1,1,6,-7.83949995041,0.0190999992192,0.000366799824405,6.00798511505,4.98758077621
0,3,0,2,5,1,1,8,-7.7404999733,0.0190999992192,0.000366799824405,6.00798511505,4.98758077621
0,3,0,1,20,1,1,1,-7.7404999733,0.0190999992192,0.000315343349939,6.58645677567,3.99006462097
0,3,0,1,20,1,1,3,-7.77349996567,0.0190999992192,0.000315343349939,6.58645677567,3.99006462097
0,3,0,1,20,1,1,5,-7.83949995041,0.0190999992192,0.000315343349939,6.58645677567,3.99006462097
0,3,0,1,20,1,1,7,-7.87249994278,0.0190999992192,0.000315343349939,6.58645677567,3.99006462097
0,3,0,1,20,1,1,0,-6.65150022507,0.0190999992192,0.000428884872235,6.83176803589,4.98758077621
0,3,0,1,20,1,1,2,-6.71750020981,0.0190999992192,0.000428884872235,6.83176803589,4.98758077621
0,3,0,1,20,1,1,4,-6.78350019455,0.0190999992192,0.000428884872235,6.83176803589,4.98758077621
0,3,0,1,20,1,1,6,-6.84950017929,0.0190999992192,0.000428884872235,6.83176803589,4.98758077621
0,3,0,1,20,1,1,8,-6.98150014877,0.0190999992192,0.000428884872235,6.83176803589,4.98758077621
0,3,0,2,21,1,1,1,-8.76350021362,0.0190999992192,0.000400156801334,5.27268838882,3.99006462097
0,3,0,2,21,1,1,3,-8.73050022125,0.0190999992192,0.000400156801334,5.27268838882,3.99006462097
0,3,0,2,21,1,1,5,-8.63150024414,0.0190999992192,0.000400156801334,5.27268838882,3.99006462097
0,3,0,2,21,1,1,7,-8.59850025177,0.0190999992192,0.000400156801334,5.27268838882,3.99006462097
0,3,0,2,21,1,1,0,-8.96150016785,0.0190999992192,-0.00135345978197,5.51105737686,4.98758077621
0,3,0,2,21,1,1,2,-8.96150016785,0.0190999992192,-0.00135345978197,5.51105737686,4.98758077621
0,3,0,2,21,1,1,4,-8.96150016785,0.0190999992192,-0.00135345978197,5.51105737686,4.98758077621
0,3,0,2,21,1,1,6,-8.89550018311,0.0190999992192,-0.00135345978197,5.51105737686,4.98758077621
0,3,0,2,21,1,1,8,-8.96150016785,0.0190999992192,-0.00135345978197,5.51105737686,4.98758077621
0,3,0,1,24,1,1,1,-6.9485001564,0.0190999992192,-0.000809727876913,7.33368206024,4.98758077621
0,3,0,1,24,1,1,3,-7.01450014114,0.0190999992192,-0.000809727876913,7.33368206024,4.98758077621
0,3,0,1,24,1,1,5,-7.11350011826,0.0190999992192,-0.000809727876913,7.33368206024,4.98758077621
0,3,0,1,24,1,1,7,-7.11350011826,0.0190999992192,-0.000809727876913,7.33368206024,4.98758077621
0,3,0,1,24,1,1,9,-7.179500103,0.0190999992192,-0.000809727876913,7.33368206024,4.98758077621
0,3,0,1,24,1,1,0,-6.65150022507,0.0190999992192,0.000927010376472,7.49019002914,4.98758077621
0,3,0,1,24,1,1,2,-6.71750020981,0.0190999992192,0.000927010376472,7.49019002914,4.98758077621
0,3,0,1,24,1,1,4,-6.75050020218,0.0190999992192,0.000927010376472,7.49019002914,4.98758077621
0,3,0,1,24,1,1,6,-6.78350019455,0.0190999992192,0.000927010376472,7.49019002914,4.98758077621
0,3,0,1,24,1,1,8,-6.84950017929,0.0190999992192,0.000927010376472,7.49019002914,4.98758077621
0,3,0,2,25,1,1,1,-9.02750015259,0.0190999992192,-0.000648115004878,5.8671131134,4.98758077621
0,3,0,2,25,1,1,3,-8.89550018311,0.0190999992192,-0.000648115004878,5.8671131134,4.98758077621
0,3,0,2,25,1,1,5,-8.76350021362,0.0190999992192,-0.000648115004878,5.8671131134,4.98758077621
0,3,0,2,25,1,1,7,-8.69750022888,0.0190999992192,-0.000648115004878,5.8671131134,4.98758077621
0,3,0,2,25,1,1,9,-8.63150024414,0.0190999992192,-0.000648115004878,5.8671131134,4.98758077621
0,3,0,2,25,1,1,0,-8.46650028229,0.0190999992192,0.000719158211723,6.03995990753,4.98758077621
0,3,0,2,25,1,1,2,-8.43350028992,0.0190999992192,0.000719158211723,6.03995990753,4.98758077621
0,3,0,2,25,1,1,4,-8.43350028992,0.0190999992192,0.000719158211723,6.03995990753,4.98758077621
0,3,0,2,25,1,1,6,-8.49950027466,0.0190999992192,0.000719158211723,6.03995990753,4.98758077621
0,3,0,2,25,1,1,8,-8.43350028992,0.0190999992192,0.000719158211723,6.03995990753,4.98758077621
0,3,1,4,104,1,1,1,-7.44350004196,0.0190999992192,0.000139425159432,6.49073505402,4.98758077621
0,3,1,4,104,1,1,3,-7.44350004196,0.0190999992192,0.000139425159432,6.49073505402,4.98758077621
0,3,1,4,104,1,1,5,-7.37750005722,0.0190999992192,0.000139425159432,6.49073505402,4.98758077621
0,3,1,4,104,1,1,7,-7.37750005722,0.0190999992192,0.000139425159432,6.49073505402,4.98758077621
0,3,1,4,104,1,1,9,-7.37750005722,0.0190999992192,0.000139425159432,6.49073505402,4.98758077621
0,3,1,4,104,1,1,0,-9.02750015259,0.0190999992192,0.000784761738032,4.9921875,4.98758077621
0,3,1,4,104,1,1,2,-9.09350013733,0.0190999992192,0.000784761738032,4.9921875,4.98758077621
0,3,1,4,104,1,1,4,-9.02750015259,0.0190999992192,0.000784761738032,4.9921875,4.98758077621
0,3,1,4,104,1,1,6,-9.02750015259,0.0190999992192,0.000784761738032,4.9921875,4.98758077621
0,3,1,4,104,1,1,8,-9.02750015259,0.0190999992192,0.000784761738032,4.9921875,4.98758077621
0,3,1,4,120,1,1,1,-10.0174999237,0.0190999992192,-0.000786355580203,6.01490926743,4.98758077621
0,3,1,4,120,1,1,3,-10.0174999237,0.0190999992192,-0.000786355580203,6.01490926743,4.98758077621
0,3,1,4,120,1,1,5,-9.95149993896,0.0190999992192,-0.000786355580203,6.01490926743,4.98758077621
0,3,1,4,120,1,1,7,-9.88549995422,0.0190999992192,-0.000786355580203,6.01490926743,4.98758077621
0,3,1,4,120,1,1,9,-9.91849994659,0.0190999992192,-0.000786355580203,6.01490926743,4.98758077621
0,3,1,4,120,1,1,0,-8.69750022888,0.0190999992192,-3.99101008952e-05,5.92909622192,4.98758077621
0,3,1,4,120,1,1,2,-8.5655002594,0.0190999992192,-3.99101008952e-05,5.92909622192,4.98758077621
0,3,1,4,120,1,1,4,-8.49950027466,0.0190999992192,-3.99101008952e-05,5.92909622192,4.98758077621
0,3,1,4,120,1,1,6,-8.43350028992,0.0190999992192,-3.99101008952e-05,5.92909622192,4.98758077621
0,3,1,4,120,1,1,8,-8.36750030518,0.0190999992192,-3.99101008952e-05,5.92909622192,4.98758077621
0,3,1,4,124,1,1,1,-7.57550001144,0.0190999992192,0.00144861149602,6.53490543365,4.98758077621
0,3,1,4,124,1,1,3,-7.57550001144,0.0190999992192,0.00144861149602,6.53490543365,4.98758077621
0,3,1,4,124,1,1,5,-7.57550001144,0.0190999992192,0.00144861149602,6.53490543365,4.98758077621
0,3,1,4,124,1,1,7,-7.5095000267,0.0190999992192,0.00144861149602,6.53490543365,4.98758077621
0,3,1,4,124,1,1,9,-7.5095000267,0.0190999992192,0.00144861149602,6.53490543365,4.98758077621
0,3,1,4,124,1,1,0,-8.23550033569,0.0190999992192,-0.00125686440151,6.68233442307,4.98758077621
0,3,1,4,124,1,1,2,-8.23550033569,0.0190999992192,-0.00125686440151,6.68233442307,4.98758077621
0,3,1,4,124,1,1,4,-8.23550033569,0.0190999992192,-0.00125686440151,6.68233442307,4.98758077621
0,3,1,4,124,1,1,6,-8.16950035095,0.0190999992192,-0.00125686440151,6.68233442307,4.98758077621
0,3,1,4,124,1,1,8,-8.16950035095,0.0190999992192,-0.00125686440151,6.68233442307,4.98758077621
0,4,0,2,5,1,1,1,-10.1494998932,0.0190999992192,-0.000941518053878,4.09537506104,4.98758077621
0,4,0,2,5,1,1,3,-10.1164999008,0.0190999992192,-0.000941518053878,4.09537506104,4.98758077621
0,4,0,2,5,1,1,5,-10.0834999084,0.0190999992192,-0.000941518053878,4.09537506104,4.98758077621
0,4,0,2,5,1,1,7,-10.0834999084,0.0190999992192,-0.000941518053878,4.09537506104,4.98758077621
0,4,0,2,5,1,1,9,-10.0174999237,0.0190999992192,-0.000941518053878,4.09537506104,4.98758077621
0,4,0,2,5,1,1,0,-8.23550033569,0.0190999992192,-0.000244311289862,5.7783908844,4.98758077621
0,4,0,2,5,1,1,2,-8.16950035095,0.0190999992192,-0.000244311289862,5.7783908844,4.98758077621
0,4,0,2,5,1,1,4,-8.10350036621,0.0190999992192,-0.000244311289862,5.7783908844,4.98758077621
0,4,0,2,5,1,1,6,-8.03750038147,0.0190999992192,-0.000244311289862,5.7783908844,4.98758077621
0,4,0,2,5,1,1,8,-7.97149991989,0.0190999992192,-0.000244311289862,5.7783908844,4.98758077621
0,4,0,2,21,1,1,1,-9.02750015259,0.0190999992192,-0.000414658017689,5.02698087692,3.99006462097
0,4,0,2,21,1,1,3,-8.96150016785,0.0190999992192,-0.000414658017689,5.02698087692,3.99006462097
0,4,0,2,21,1,1,5,-8.89550018311,0.0190999992192,-0.000414658017689,5.02698087692,3.99006462097
0,4,0,2,21,1,1,7,-8.82950019836,0.0190999992192,-0.000414658017689,5.02698087692,3.99006462097
0,4,0,2,21,1,1,2,-9.09350013733,0.0190999992192,0.000874381803442,5.35315942764,3.99006462097
0,4,0,2,21,1,1,4,-9.09350013733,0.0190999992192,0.000874381803442,5.35315942764,3.99006462097
0,4,0,2,21,1,1,6,-9.09350013733,0.0190999992192,0.000874381803442,5.35315942764,3.99006462097
0,4,0,2,21,1,1,8,-9.15950012207,0.0190999992192,0.000874381803442,5.35315942764,3.99006462097
0,4,0,2,25,1,1,1,-9.29150009155,0.0190999992192,-0.000342559447745,5.56696605682,4.98758077621
0,4,0,2,25,1,1,3,-9.15950012207,0.0190999992192,-0.000342559447745,5.56696605682,4.98758077621
0,4,0,2,25,1,1,5,-9.09350013733,0.0190999992192,-0.000342559447745,5.56696605682,4.98758077621
0,4,0,2,25,1,1,7,-8.99450016022,0.0190999992192,-0.000342559447745,5.56696605682,4.98758077621
0,4,0,2,25,1,1,9,-8.89550018311,0.0190999992192,-0.000342559447745,5.56696605682,4.98758077621
0,4,0,2,25,1,1,0,-8.63150024414,0.0190999992192,-4.47306883871e-05,5.91026687622,4.98758077621
0,4,0,2,25,1,1,2,-8.5655002594,0.0190999992192,-4.47306883871e-05,5.91026687622,4.98758077621
0,4,0,2,25,1,1,4,-8.5655002594,0.0190999992192,-4.47306883871e-05,5.91026687622,4.98758077621
0,4,0,2,25,1,1,6,-8.63150024414,0.0190999992192,-4.47306883871e-05,5.91026687622,4.98758077621
0,4,0,2,25,1,1,8,-8.5655002594,0.0190999992192,-4.47306883871e-05,5.91026687622,4.98758077621
0,4,1,4,104,1,1,1,-8.69750022888,0.0190999992192,0.00105609185994,5.25442695618,4.98758077621
0,4,1,4,104,1,1,3,-8.63150024414,0.0190999992192,0.00105609185994,5.25442695618,4.98758077621
0,4,1,4,104,1,1,5,-8.63150024414,0.0190999992192,0.00105609185994,5.25442695618,4.98758077621
0,4,1,4,104,1,1,7,-8.63150024414,0.0190999992192,0.00105609185994,5.25442695618,4.98758077621
0,4,1,4,104,1,1,9,-8.5655002594,0.0190999992192,0.00105609185994,5.25442695618,4.98758077621
0,4,1,4,104,1,1,0,-9.62150001526,0.0190999992192,0.000784761738032,4.39818716049,4.98758077621
0,4,1,4,104,1,1,2,-9.6875,0.0190999992192,0.000784761738032,4.39818716049,4.98758077621
0,4,1,4,104,1,1,4,-9.62150001526,0.0190999992192,0.000784761738032,4.39818716049,4.98758077621
0,4,1,4,104,1,1,6,-9.62150001526,0.0190999992192,0.000784761738032,4.39818716049,4.98758077621
0,4,1,4,104,1,1,8,-9.62150001526,0.0190999992192,0.000784761738032,4.39818716049,4.98758077621
0,4,1,4,124,1,1,1,-8.69750022888,0.0190999992192,-0.000384721788578,5.36047172546,4.98758077621
0,4,1,4,124,1,1,3,-8.73050022125,0.0190999992192,-0.000384721788578,5.36047172546,4.98758077621
0,4,1,4,124,1,1,5,-8.76350021362,0.0190999992192,-0.000384721788578,5.36047172546,4.98758077621
0,4,1,4,124,1,1,7,-8.69750022888,0.0190999992192,-0.000384721788578,5.36047172546,4.98758077621
0,4,1,4,124,1,1,9,-8.69750022888,0.0190999992192,-0.000384721788578,5.36047172546,4.98758077621
0,4,1,4,124,1,1,0,-9.29150009155,0.0190999992192,0.000270913355052,5.69694805145,4.98758077621
0,4,1,4,124,1,1,2,-9.22550010681,0.0190999992192,0.000270913355052,5.69694805145,4.98758077621
0,4,1,4,124,1,1,4,-9.22550010681,0.0190999992192,0.000270913355052,5.69694805145,4.98758077621
0,4,1,4,124,1,1,6,-9.15950012207,0.0190999992192,0.000270913355052,5.69694805145,4.98758077621
0,4,1,4,124,1,1,8,-9.15950012207,0.0190999992192,0.000270913355052,5.69694805145,4.98758077621
0,5,0,1,4,1,1,1,-7.44350004196,0.0190999992192,0.000339178775903,6.49497795105,4.98758077621
0,5,0,1,4,1,1,3,-7.44350004196,0.0190999992192,0.000339178775903,6.49497795105,4.98758077621
0,5,0,1,4,1,1,5,-7.37750005722,0.0190999992192,0.000339178775903,6.49497795105,4.98758077621
0,5,0,1,4,1,1,7,-7.37750005722,0.0190999992192,0.000339178775903,6.49497795105,4.98758077621
0,5,0,1,4,1,1,9,-7.37750005722,0.0190999992192,0.000339178775903,6.49497795105,4.98758077621
0,5,0,1,4,1,1,0,-4.73750019073,0.0190999992192,-0.00137227482628,8.84767055511,3.99006462097
0,5,0,1,4,1,1,2,-4.73750019073,0.0190999992192,-0.00137227482628,8.84767055511,3.99006462097
0,5,0,1,4,1,1,6,-4.86950016022,0.0190999992192,-0.00137227482628,8.84767055511,3.99006462097
0,5,0,1,4,1,1,8,-4.86950016022,0.0190999992192,-0.00137227482628,8.84767055511,3.99006462097
0,5,0,1,20,1,1,1,-6.38749980927,0.0190999992192,9.78778462013e-06,7.92500400543,3.99006462097
0,5,0,1,20,1,1,3,-6.45349979401,0.0190999992192,9.78778462013e-06,7.92500400543,3.99006462097
0,5,0,1,20,1,1,5,-6.48649978638,0.0190999992192,9.78778462013e-06,7.92500400543,3.99006462097
0,5,0,1,20,1,1,7,-6.51949977875,0.0190999992192,9.78778462013e-06,7.92500400543,3.99006462097
0,5,0,1,20,1,1,0,-5.39750003815,0.0190999992192,-0.00043878989527,8.07741546631,5.98509693146
0,5,0,1,20,1,1,2,-5.46350002289,0.0190999992192,-0.00043878989527,8.07741546631,5.98509693146
0,5,0,1,20,1,1,4,-5.52950000763,0.0190999992192,-0.00043878989527,8.07741546631,5.98509693146
0,5,0,1,20,1,1,6,-5.66149997711,0.0190999992192,-0.00043878989527,8.07741546631,5.98509693146
0,5,0,1,20,1,1,6,-5.52950000763,0.0190999992192,-0.00043878989527,8.07741546631,5.98509693146
0,5,0,1,20,1,1,8,-5.72749996185,0.0190999992192,-0.00043878989527,8.07741546631,5.98509693146
0,5,0,1,24,1,1,1,-5.46350002289,0.0190999992192,-0.000351394555764,8.84393596649,4.98758077621
0,5,0,1,24,1,1,3,-5.52950000763,0.0190999992192,-0.000351394555764,8.84393596649,4.98758077621
0,5,0,1,24,1,1,5,-5.59549999237,0.0190999992192,-0.000351394555764,8.84393596649,4.98758077621
0,5,0,1,24,1,1,7,-5.59549999237,0.0190999992192,-0.000351394555764,8.84393596649,4.98758077621
0,5,0,1,24,1,1,9,-5.72749996185,0.0190999992192,-0.000351394555764,8.84393596649,4.98758077621
0,5,0,1,24,1,1,0,-5.33150005341,0.0190999992192,-0.0006007674383,8.86760425568,4.98758077621
0,5,0,1,24,1,1,2,-5.33150005341,0.0190999992192,-0.0006007674383,8.86760425568,4.98758077621
0,5,0,1,24,1,1,4,-5.39750003815,0.0190999992192,-0.0006007674383,8.86760425568,4.98758077621
0,5,0,1,24,1,1,6,-5.39750003815,0.0190999992192,-0.0006007674383,8.86760425568,4.98758077621
0,5,0,1,24,1,1,8,-5.46350002289,0.0190999992192,-0.0006007674383,8.86760425568,4.98758077621
0,5,1,5,105,1,1,1,-5.0015001297,0.0190999992192,-0.000262426008703,8.66796779633,4.98758077621
0,5,1,5,105,1,1,3,-5.0015001297,0.0190999992192,-0.000262426008703,8.66796779633,4.98758077621
0,5,1,5,105,1,1,5,-5.0015001297,0.0190999992192,-0.000262426008703,8.66796779633,4.98758077621
0,5,1,5,105,1,1,7,-5.06750011444,0.0190999992192,-0.000262426008703,8.66796779633,4.98758077621
0,5,1,5,105,1,1,9,-5.10050010681,0.0190999992192,-0.000262426008703,8.66796779633,4.98758077621
0,5,1,5,105,1,1,0,-7.77349996567,0.0190999992192,-1.04678447315e-05,6.49016427994,4.98758077621
0,5,1,5,105,1,1,2,-7.80649995804,0.0190999992192,-1.04678447315e-05,6.49016427994,4.98758077621
0,5,1,5,105,1,1,4,-7.77349996567,0.0190999992192,-1.04678447315e-05,6.49016427994,4.98758077621
0,5,1,5,105,1,1,6,-7.77349996567,0.0190999992192,-1.04678447315e-05,6.49016427994,4.98758077621
0,5,1,5,105,1,1,8,-7.70749998093,0.0190999992192,-1.04678447315e-05,6.49016427994,4.98758077621
0,5,1,5,121,1,1,1,-6.18949985504,0.0190999992192,-5.0204936997e-05,7.94162893295,3.99006462097
0,5,1,5,121,1,1,3,-6.25549983978,0.0190999992192,-5.0204936997e-05,7.94162893295,3.99006462097
0,5,1,5,121,1,1,5,-6.25549983978,0.0190999992192,-5.0204936997e-05,7.94162893295,3.99006462097
0,5,1,5,121,1,1,9,-6.38749980927,0.0190999992192,-5.0204936997e-05,7.94162893295,3.99006462097
0,5,1,5,121,1,1,0,-6.15649986267,0.0190999992192,0.000878203311004,7.8915605545,4.98758077621
0,5,1,5,121,1,1,2,-6.18949985504,0.0190999992192,0.000878203311004,7.8915605545,4.98758077621
0,5,1,5,121,1,1,4,-6.25549983978,0.0190999992192,0.000878203311004,7.8915605545,4.98758077621
0,5,1,5,121,1,1,6,-6.25549983978,0.0190999992192,0.000878203311004,7.8915605545,4.98758077621
0,5,1,5,121,1,1,8,-6.25549983978,0.0190999992192,0.000878203311004,7.8915605545,4.98758077621
0,5,1,5,125,1,1,1,-6.32149982452,0.0190999992192,-0.000258450105321,8.74355602264,4.98758077621
0,5,1,5,125,1,1,3,-6.38749980927,0.0190999992192,-0.000258450105321,8.74355602264,4.98758077621
0,5,1,5,125,1,1,5,-6.38749980927,0.0190999992192,-0.000258450105321,8.74355602264,4.98758077621
0,5,1,5,125,1,1,7,-6.45349979401,0.0190999992192,-0.000258450105321,8.74355602264,4.98758077621
0,5,1,5,125,1,1,9,-6.45349979401,0.0190999992192,-0.000258450105321,8.74355602264,4.98758077621
0,5,1,5,125,1,1,0,-5.26550006866,0.0190999992192,-0.00046072868281,8.771027565,4.98758077621
0,5,1,5,125,1,1,2,-5.33150005341,0.0190999992192,-0.00046072868281,8.771027565,4.98758077621
0,5,1,5,125,1,1,4,-5.33150005341,0.0190999992192,-0.00046072868281,8.771027565,4.98758077621
0,5,1,5,125,1,1,6,-5.33150005341,0.0190999992192,-0.00046072868281,8.771027565,4.98758077621
0,5,1,5,125,1,1,8,-5.36450004578,0.0190999992192,-0.00046072868281,8.771027565,4.98758077621
0,6,0,1,4,1,1,1,-9.6875,0.0190999992192,0.000339178775903,4.25097799301,4.98758077621
0,6,0,1,4,1,1,3,-9.6875,0.0190999992192,0.000339178775903,4.25097799301,4.98758077621
0,6,0,1,4,1,1,5,-9.62150001526,0.0190999992192,0.000339178775903,4.25097799301,4.98758077621
0,6,0,1,4,1,1,7,-9.62150001526,0.0190999992192,0.000339178775903,4.25097799301,4.98758077621
0,6,0,1,4,1,1,9,-9.62150001526,0.0190999992192,0.000339178775903,4.25097799301,4.98758077621
0,6,0,1,4,1,1,0,-8.10350036621,0.0190999992192,0.000766614102758,5.44375133514,3.99006462097
0,6,0,1,4,1,1,2,-8.16950035095,0.0190999992192,0.000766614102758,5.44375133514,3.99006462097
0,6,0,1,4,1,1,6,-8.23550033569,0.0190999992192,0.000766614102758,5.44375133514,3.99006462097
0,6,0,1,4,1,1,8,-8.30150032043,0.0190999992192,0.000766614102758,5.44375133514,3.99006462097
0,6,0,1,20,1,1,1,-9.22550010681,0.0190999992192,-0.000295767764328,5.10280132294,3.99006462097
0,6,0,1,20,1,1,3,-9.29150009155,0.0190999992192,-0.000295767764328,5.10280132294,3.99006462097
0,6,0,1,20,1,1,5,-9.29150009155,0.0190999992192,-0.000295767764328,5.10280132294,3.99006462097
0,6,0,1,20,1,1,7,-9.35750007629,0.0190999992192,-0.000295767764328,5.10280132294,3.99006462097
0,6,0,1,20,1,1,0,-8.49950027466,0.0190999992192,0.000428884872235,4.9837679863,4.98758077621
0,6,0,1,20,1,1,2,-8.5655002594,0.0190999992192,0.000428884872235,4.9837679863,4.98758077621
0,6,0,1,20,1,1,4,-8.63150024414,0.0190999992192,0.000428884872235,4.9837679863,4.98758077621
0,6,0,1,20,1,1,6,-8.69750022888,0.0190999992192,0.000428884872235,4.9837679863,4.98758077621
0,6,0,1,20,1,1,8,-8.82950019836,0.0190999992192,0.000428884872235,4.9837679863,4.98758077621
0,6,0,1,24,1,1,1,-8.76350021362,0.0190999992192,-0.000351394555764,5.54393625259,4.98758077621
0,6,0,1,24,1,1,3,-8.82950019836,0.0190999992192,-0.000351394555764,5.54393625259,4.98758077621
0,6,0,1,24,1,1,5,-8.89550018311,0.0190999992192,-0.000351394555764,5.54393625259,4.98758077621
0,6,0,1,24,1,1,7,-8.89550018311,0.0190999992192,-0.000351394555764,5.54393625259,4.98758077621
0,6,0,1,24,1,1,9,-9.02750015259,0.0190999992192,-0.000351394555764,5.54393625259,4.98758077621
0,6,0,1,24,1,1,0,-8.5655002594,0.0190999992192,0.000927010376472,5.58939027786,4.98758077621
0,6,0,1,24,1,1,2,-8.63150024414,0.0190999992192,0.000927010376472,5.58939027786,4.98758077621
0,6,0,1,24,1,1,4,-8.63150024414,0.0190999992192,0.000927010376472,5.58939027786,4.98758077621
0,6,0,1,24,1,1,6,-8.69750022888,0.0190999992192,0.000927010376472,5.58939027786,4.98758077621
0,6,0,1,24,1,1,8,-8.76350021362,0.0190999992192,0.000927010376472,5.58939027786,4.98758077621
0,6,1,5,105,1,1,1,-8.16950035095,0.0190999992192,0.000501462898683,5.56586074829,4.98758077621
0,6,1,5,105,1,1,3,-8.10350036621,0.0190999992192,0.000501462898683,5.56586074829,4.98758077621
0,6,1,5,105,1,1,5,-8.10350036621,0.0190999992192,0.000501462898683,5.56586074829,4.98758077621
0,6,1,5,105,1,1,7,-8.16950035095,0.0190999992192,0.000501462898683,5.56586074829,4.98758077621
0,6,1,5,105,1,1,9,-8.23550033569,0.0190999992192,0.000501462898683,5.56586074829,4.98758077621
0,6,1,5,105,1,1,0,-9.81949996948,0.0190999992192,-1.04678447315e-05,4.44416427612,4.98758077621
0,6,1,5,105,1,1,2,-9.85249996185,0.0190999992192,-1.04678447315e-05,4.44416427612,4.98758077621
0,6,1,5,105,1,1,4,-9.81949996948,0.0190999992192,-1.04678447315e-05,4.44416427612,4.98758077621
0,6,1,5,105,1,1,6,-9.81949996948,0.0190999992192,-1.04678447315e-05,4.44416427612,4.98758077621
0,6,1,5,105,1,1,8,-9.75349998474,0.0190999992192,-1.04678447315e-05,4.44416427612,4.98758077621
0,6,1,5,121,1,1,1,-9.09350013733,0.0190999992192,0.000475462293252,5.05513238907,4.98758077621
0,6,1,5,121,1,1,3,-9.15950012207,0.0190999992192,0.000475462293252,5.05513238907,4.98758077621
0,6,1,5,121,1,1,5,-9.15950012207,0.0190999992192,0.000475462293252,5.05513238907,4.98758077621
0,6,1,5,121,1,1,7,-9.22550010681,0.0190999992192,0.000475462293252,5.05513238907,4.98758077621
0,6,1,5,121,1,1,9,-9.29150009155,0.0190999992192,0.000475462293252,5.05513238907,4.98758077621
0,6,1,5,121,1,1,0,-8.76350021362,0.0190999992192,0.000310519186314,5.31790733337,3.99006462097
0,6,1,5,121,1,1,4,-8.82950019836,0.0190999992192,0.000310519186314,5.31790733337,3.99006462097
0,6,1,5,121,1,1,6,-8.82950019836,0.0190999992192,0.000310519186314,5.31790733337,3.99006462097
0,6,1,5,121,1,1,8,-8.89550018311,0.0190999992192,0.000310519186314,5.31790733337,3.99006462097
0,6,1,5,125,1,1,1,-9.35750007629,0.0190999992192,-0.000258450105321,5.70755577087,4.98758077621
0,6,1,5,125,1,1,3,-9.42350006104,0.0190999992192,-0.000258450105321,5.70755577087,4.98758077621
0,6,1,5,125,1,1,5,-9.42350006104,0.0190999992192,-0.000258450105321,5.70755577087,4.98758077621
0,6,1,5,125,1,1,7,-9.48950004578,0.0190999992192,-0.000258450105321,5.70755577087,4.98758077621
0,6,1,5,125,1,1,9,-9.48950004578,0.0190999992192,-0.000258450105321,5.70755577087,4.98758077621
0,6,1,5,125,1,1,0,-8.30150032043,0.0190999992192,-0.000307950918796,5.75572872162,4.98758077621
0,6,1,5,125,1,1,2,-8.30150032043,0.0190999992192,-0.000307950918796,5.75572872162,4.98758077621
0,6,1,5,125,1,1,4,-8.36750030518,0.0190999992192,-0.000307950918796,5.75572872162,4.98758077621
0,6,1,5,125,1,1,6,-8.36750030518,0.0190999992192,-0.000307950918796,5.75572872162,4.98758077621
0,6,1,5,125,1,1,8,-8.36750030518,0.0190999992192,-0.000307950918796,5.75572872162,4.98758077621
0,7,0,1,4,1,1,1,-8.63150024414,0.0190999992192,-0.00118859903887,5.34416437149,4.98758077621
0,7,0,1,4,1,1,3,-8.5655002594,0.0190999992192,-0.00118859903887,5.34416437149,4.98758077621
0,7,0,1,4,1,1,5,-8.5655002594,0.0190999992192,-0.00118859903887,5.34416437149,4.98758077621
0,7,0,1,4,1,1,7,-8.49950027466,0.0190999992192,-0.00118859903887,5.34416437149,4.98758077621
0,7,0,1,4,1,1,9,-8.49950027466,0.0190999992192,-0.00118859903887,5.34416437149,4.98758077621
0,7,0,1,4,1,1,0,-6.84950017929,0.0190999992192,-0.000404682185035,6.73436164856,3.99006462097
0,7,0,1,4,1,1,2,-6.84950017929,0.0190999992192,-0.000404682185035,6.73436164856,3.99006462097
0,7,0,1,4,1,1,6,-6.98150014877,0.0190999992192,-0.000404682185035,6.73436164856,3.99006462097
0,7,0,1,4,1,1,8,-7.01450014114,0.0190999992192,-0.000404682185035,6.73436164856,3.99006462097
0,7,0,1,20,1,1,1,-7.90549993515,0.0190999992192,-0.000295767764328,6.42280101776,3.99006462097
0,7,0,1,20,1,1,3,-7.97149991989,0.0190999992192,-0.000295767764328,6.42280101776,3.99006462097
0,7,0,1,20,1,1,5,-7.97149991989,0.0190999992192,-0.000295767764328,6.42280101776,3.99006462097
0,7,0,1,20,1,1,7,-8.03750038147,0.0190999992192,-0.000295767764328,6.42280101776,3.99006462097
0,7,0,1,20,1,1,0,-7.37750005722,0.0190999992192,-0.00109889288433,6.10818195343,4.98758077621
0,7,0,1,20,1,1,2,-7.44350004196,0.0190999992192,-0.00109889288433,6.10818195343,4.98758077621
0,7,0,1,20,1,1,4,-7.5095000267,0.0190999992192,-0.00109889288433,6.10818195343,4.98758077621
0,7,0,1,20,1,1,6,-7.57550001144,0.0190999992192,-0.00109889288433,6.10818195343,4.98758077621
0,7,0,1,20,1,1,8,-7.64149999619,0.0190999992192,-0.00109889288433,6.10818195343,4.98758077621
0,7,0,1,24,1,1,1,-7.21250009537,0.0190999992192,-0.00111528346315,7.05852937698,4.98758077621
0,7,0,1,24,1,1,3,-7.31150007248,0.0190999992192,-0.00111528346315,7.05852937698,4.98758077621
0,7,0,1,24,1,1,5,-7.37750005722,0.0190999992192,-0.00111528346315,7.05852937698,4.98758077621
0,7,0,1,24,1,1,7,-7.37750005722,0.0190999992192,-0.00111528346315,7.05852937698,4.98758077621
0,7,0,1,24,1,1,9,-7.44350004196,0.0190999992192,-0.00111528346315,7.05852937698,4.98758077621
0,7,0,1,24,1,1,0,-7.37750005722,0.0190999992192,0.000927010376472,6.7773900032,4.98758077621
0,7,0,1,24,1,1,2,-7.44350004196,0.0190999992192,0.000927010376472,6.7773900032,4.98758077621
0,7,0,1,24,1,1,4,-7.44350004196,0.0190999992192,0.000927010376472,6.7773900032,4.98758077621
0,7,0,1,24,1,1,6,-7.5095000267,0.0190999992192,0.000927010376472,6.7773900032,4.98758077621
0,7,0,1,24,1,1,8,-7.57550001144,0.0190999992192,0.000927010376472,6.7773900032,4.98758077621
0,7,1,5,105,1,1,1,-6.32149982452,0.0190999992192,0.000807018426713,7.37630796432,4.98758077621
0,7,1,5,105,1,1,3,-6.28849983215,0.0190999992192,0.000807018426713,7.37630796432,4.98758077621
0,7,1,5,105,1,1,5,-6.32149982452,0.0190999992192,0.000807018426713,7.37630796432,4.98758077621
0,7,1,5,105,1,1,7,-6.32149982452,0.0190999992192,0.000807018426713,7.37630796432,4.98758077621
0,7,1,5,105,1,1,9,-6.38749980927,0.0190999992192,0.000807018426713,7.37630796432,4.98758077621
0,7,1,5,105,1,1,0,-9.06050014496,0.0190999992192,0.000295087724226,5.20111703873,4.98758077621
0,7,1,5,105,1,1,2,-9.09350013733,0.0190999992192,0.000295087724226,5.20111703873,4.98758077621
0,7,1,5,105,1,1,4,-9.09350013733,0.0190999992192,0.000295087724226,5.20111703873,4.98758077621
0,7,1,5,105,1,1,6,-9.02750015259,0.0190999992192,0.000295087724226,5.20111703873,4.98758077621
0,7,1,5,105,1,1,8,-8.99450016022,0.0190999992192,0.000295087724226,5.20111703873,4.98758077621
0,7,1,5,121,1,1,1,-7.37750005722,0.0190999992192,-5.0204936997e-05,6.75362873077,3.99006462097
0,7,1,5,121,1,1,3,-7.44350004196,0.0190999992192,-5.0204936997e-05,6.75362873077,3.99006462097
0,7,1,5,121,1,1,5,-7.44350004196,0.0190999992192,-5.0204936997e-05,6.75362873077,3.99006462097
0,7,1,5,121,1,1,9,-7.57550001144,0.0190999992192,-5.0204936997e-05,6.75362873077,3.99006462097
0,7,1,5,121,1,1,0,-7.64149999619,0.0190999992192,-0.000496796681546,6.41714811325,4.98758077621
0,7,1,5,121,1,1,2,-7.64149999619,0.0190999992192,-0.000496796681546,6.41714811325,4.98758077621
0,7,1,5,121,1,1,4,-7.70749998093,0.0190999992192,-0.000496796681546,6.41714811325,4.98758077621
0,7,1,5,121,1,1,6,-7.77349996567,0.0190999992192,-0.000496796681546,6.41714811325,4.98758077621
0,7,1,5,121,1,1,8,-7.77349996567,0.0190999992192,-0.000496796681546,6.41714811325,4.98758077621
0,7,1,5,125,1,1,1,-7.64149999619,0.0190999992192,-0.000258450105321,7.42355585098,4.98758077621
0,7,1,5,125,1,1,3,-7.70749998093,0.0190999992192,-0.000258450105321,7.42355585098,4.98758077621
0,7,1,5,125,1,1,5,-7.70749998093,0.0190999992192,-0.000258450105321,7.42355585098,4.98758077621
0,7,1,5,125,1,1,7,-7.77349996567,0.0190999992192,-0.000258450105321,7.42355585098,4.98758077621
0,7,1,5,125,1,1,9,-7.77349996567,0.0190999992192,-0.000258450105321,7.42355585098,4.98758077621
0,7,1,5,125,1,1,0,-6.91550016403,0.0190999992192,-0.000307950918796,7.14172887802,4.98758077621
0,7,1,5,125,1,1,2,-6.91550016403,0.0190999992192,-0.000307950918796,7.14172887802,4.98758077621
0,7,1,5,125,1,1,4,-6.98150014877,0.0190999992192,-0.000307950918796,7.14172887802,4.98758077621
0,7,1,5,125,1,1,6,-6.98150014877,0.0190999992192,-0.000307950918796,7.14172887802,4.98758077621
0,7,1,5,125,1,1,8,-6.98150014877,0.0190999992192,-0.000307950918796,7.14172887802,4.98758077621
0,8,0,2,5,1,1,1,-6.71750020981,0.0190999992192,-0.00124707364012,7.50302219391,4.98758077621
0,8,0,2,5,1,1,3,-6.71750020981,0.0190999992192,-0.00124707364012,7.50302219391,4.98758077621
0,8,0,2,5,1,1,5,-6.68450021744,0.0190999992192,-0.00124707364012,7.50302219391,4.98758077621
0,8,0,2,5,1,1,7,-6.65150022507,0.0190999992192,-0.00124707364012,7.50302219391,4.98758077621
0,8,0,2,5,1,1,9,-6.58549976349,0.0190999992192,-0.00124707364012,7.50302219391,4.98758077621
0,8,0,2,5,1,1,0,-4.14349985123,0.0190999992192,6.12442818237e-05,9.8592376709,4.98758077621
0,8,0,2,5,1,1,2,-4.07749986649,0.0190999992192,6.12442818237e-05,9.8592376709,4.98758077621
0,8,0,2,5,1,1,4,-4.01149988174,0.0190999992192,6.12442818237e-05,9.8592376709,4.98758077621
0,8,0,2,5,1,1,6,-3.97849988937,0.0190999992192,6.12442818237e-05,9.8592376709,4.98758077621
0,8,0,2,5,1,1,8,-3.87949991226,0.0190999992192,6.12442818237e-05,9.8592376709,4.98758077621
0,8,0,2,21,1,1,1,-4.93550014496,0.0190999992192,0.000763388234191,9.10486316681,4.98758077621
0,8,0,2,21,1,1,3,-4.93550014496,0.0190999992192,0.000763388234191,9.10486316681,4.98758077621
0,8,0,2,21,1,1,5,-4.80350017548,0.0190999992192,0.000763388234191,9.10486316681,4.98758077621
0,8,0,2,21,1,1,7,-4.73750019073,0.0190999992192,0.000763388234191,9.10486316681,4.98758077621
0,8,0,2,21,1,1,3,-4.80350017548,0.0190999992192,0.000763388234191,9.10486316681,4.98758077621
0,8,0,2,21,1,1,0,-5.39750003815,0.0190999992192,0.000785429147072,9.05033779144,4.98758077621
0,8,0,2,21,1,1,2,-5.39750003815,0.0190999992192,0.000785429147072,9.05033779144,4.98758077621
0,8,0,2,21,1,1,4,-5.39750003815,0.0190999992192,0.000785429147072,9.05033779144,4.98758077621
0,8,0,2,21,1,1,6,-5.39750003815,0.0190999992192,0.000785429147072,9.05033779144,4.98758077621
0,8,0,2,21,1,1,8,-5.46350002289,0.0190999992192,0.000785429147072,9.05033779144,4.98758077621
0,8,0,2,25,1,1,1,-4.83650016785,0.0190999992192,-0.000648115004878,10.0240135193,4.98758077621
0,8,0,2,25,1,1,3,-4.73750019073,0.0190999992192,-0.000648115004878,10.0240135193,4.98758077621
0,8,0,2,25,1,1,5,-4.60550022125,0.0190999992192,-0.000648115004878,10.0240135193,4.98758077621
0,8,0,2,25,1,1,7,-4.53950023651,0.0190999992192,-0.000648115004878,10.0240135193,4.98758077621
0,8,0,2,25,1,1,9,-4.44049978256,0.0190999992192,-0.000648115004878,10.0240135193,4.98758077621
0,8,0,2,25,1,1,0,-4.47349977493,0.0190999992192,-0.000655841780826,10.0223722458,4.98758077621
0,8,0,2,25,1,1,2,-4.47349977493,0.0190999992192,-0.000655841780826,10.0223722458,4.98758077621
0,8,0,2,25,1,1,4,-4.47349977493,0.0190999992192,-0.000655841780826,10.0223722458,4.98758077621
0,8,0,2,25,1,1,6,-4.47349977493,0.0190999992192,-0.000655841780826,10.0223722458,4.98758077621
0,8,0,2,25,1,1,8,-4.40749979019,0.0190999992192,-0.000655841780826,10.0223722458,4.98758077621
0,8,1,4,104,1,1,1,-4.73750019073,0.0190999992192,0.001667202916,9.19212150574,4.98758077621
0,8,1,4,104,1,1,3,-4.73750019073,0.0190999992192,0.001667202916,9.19212150574,4.98758077621
0,8,1,4,104,1,1,5,-4.67150020599,0.0190999992192,0.001667202916,9.19212150574,4.98758077621
0,8,1,4,104,1,1,7,-4.67150020599,0.0190999992192,0.001667202916,9.19212150574,4.98758077621
0,8,1,4,104,1,1,9,-4.60550022125,0.0190999992192,0.001667202916,9.19212150574,4.98758077621
0,8,1,4,104,1,1,0,-6.9485001564,0.0190999992192,-0.000590238254517,7.05537462234,4.98758077621
0,8,1,4,104,1,1,2,-6.98150014877,0.0190999992192,-0.000590238254517,7.05537462234,4.98758077621
0,8,1,4,104,1,1,4,-6.98150014877,0.0190999992192,-0.000590238254517,7.05537462234,4.98758077621
0,8,1,4,104,1,1,6,-6.98150014877,0.0190999992192,-0.000590238254517,7.05537462234,4.98758077621
0,8,1,4,104,1,1,8,-6.98150014877,0.0190999992192,-0.000590238254517,7.05537462234,4.98758077621
0,8,1,4,120,1,1,1,-7.5095000267,0.0190999992192,0.00150531111285,8.5841884613,4.98758077621
0,8,1,4,120,1,1,3,-7.44350004196,0.0190999992192,0.00150531111285,8.5841884613,4.98758077621
0,8,1,4,120,1,1,5,-7.37750005722,0.0190999992192,0.00150531111285,8.5841884613,4.98758077621
0,8,1,4,120,1,1,7,-7.31150007248,0.0190999992192,0.00150531111285,8.5841884613,4.98758077621
0,8,1,4,120,1,1,9,-7.31150007248,0.0190999992192,0.00150531111285,8.5841884613,4.98758077621
0,8,1,4,120,1,1,0,-6.25549983978,0.0190999992192,-3.99101008952e-05,8.37109565735,4.98758077621
0,8,1,4,120,1,1,2,-6.1234998703,0.0190999992192,-3.99101008952e-05,8.37109565735,4.98758077621
0,8,1,4,120,1,1,4,-6.05749988556,0.0190999992192,-3.99101008952e-05,8.37109565735,4.98758077621
0,8,1,4,120,1,1,6,-5.99149990082,0.0190999992192,-3.99101008952e-05,8.37109565735,4.98758077621
0,8,1,4,120,1,1,8,-5.92549991608,0.0190999992192,-3.99101008952e-05,8.37109565735,4.98758077621
0,8,1,4,124,1,1,1,-4.73750019073,0.0190999992192,0.00144861149602,9.37290477753,4.98758077621
0,8,1,4,124,1,1,3,-4.73750019073,0.0190999992192,0.00144861149602,9.37290477753,4.98758077621
0,8,1,4,124,1,1,5,-4.73750019073,0.0190999992192,0.00144861149602,9.37290477753,4.98758077621
0,8,1,4,124,1,1,7,-4.67150020599,0.0190999992192,0.00144861149602,9.37290477753,4.98758077621
0,8,1,4,124,1,1,9,-4.67150020599,0.0190999992192,0.00144861149602,9.37290477753,4.98758077621
0,8,1,4,124,1,1,0,-5.59549999237,0.0190999992192,0.000270913355052,9.39294815063,4.98758077621
0,8,1,4,124,1,1,2,-5.52950000763,0.0190999992192,0.000270913355052,9.39294815063,4.98758077621
0,8,1,4,124,1,1,4,-5.52950000763,0.0190999992192,0.000270913355052,9.39294815063,4.98758077621
0,8,1,4,124,1,1,6,-5.46350002289,0.0190999992192,0.000270913355052,9.39294815063,4.98758077621
0,8,1,4,124,1,1,8,-5.46350002289,0.0190999992192,0.000270913355052,9.39294815063,4.98758077621
0,9,0,2,5,1,1,1,-7.04750013351,0.0190999992192,-0.00124707364012,7.2071223259,4.98758077621
0,9,0,2,5,1,1,3,-7.01450014114,0.0190999992192,-0.00124707364012,7.2071223259,4.98758077621
0,9,0,2,5,1,1,5,-6.98150014877,0.0190999992192,-0.00124707364012,7.2071223259,4.98758077621
0,9,0,2,5,1,1,7,-6.9485001564,0.0190999992192,-0.00124707364012,7.2071223259,4.98758077621
0,9,0,2,5,1,1,9,-6.91550016403,0.0190999992192,-0.00124707364012,7.2071223259,4.98758077621
0,9,0,2,5,1,1,0,-4.80350017548,0.0190999992192,0.000366799824405,9.18808555603,4.98758077621
0,9,0,2,5,1,1,2,-4.73750019073,0.0190999992192,0.000366799824405,9.18808555603,4.98758077621
0,9,0,2,5,1,1,4,-4.67150020599,0.0190999992192,0.000366799824405,9.18808555603,4.98758077621
0,9,0,2,5,1,1,6,-4.67150020599,0.0190999992192,0.000366799824405,9.18808555603,4.98758077621
0,9,0,2,5,1,1,8,-4.53950023651,0.0190999992192,0.000366799824405,9.18808555603,4.98758077621
0,9,0,2,21,1,1,1,-5.33150005341,0.0190999992192,0.00121497164946,8.68639564514,3.99006462097
0,9,0,2,21,1,1,3,-5.33150005341,0.0190999992192,0.00121497164946,8.68639564514,3.99006462097
0,9,0,2,21,1,1,5,-5.19950008392,0.0190999992192,0.00121497164946,8.68639564514,3.99006462097
0,9,0,2,21,1,1,7,-5.19950008392,0.0190999992192,0.00121497164946,8.68639564514,3.99006462097
0,9,0,2,21,1,1,0,-6.05749988556,0.0190999992192,0.000174318047357,8.41264343262,4.98758077621
0,9,0,2,21,1,1,2,-6.05749988556,0.0190999992192,0.000174318047357,8.41264343262,4.98758077621
0,9,0,2,21,1,1,4,-6.05749988556,0.0190999992192,0.000174318047357,8.41264343262,4.98758077621
0,9,0,2,21,1,1,6,-5.99149990082,0.0190999992192,0.000174318047357,8.41264343262,4.98758077621
0,9,0,2,21,1,1,8,-6.1234998703,0.0190999992192,0.000174318047357,8.41264343262,4.98758077621
0,9,0,2,25,1,1,1,-5.33150005341,0.0190999992192,-0.000648115004878,9.56311321259,4.98758077621
0,9,0,2,25,1,1,3,-5.19950008392,0.0190999992192,-0.000648115004878,9.56311321259,4.98758077621
0,9,0,2,25,1,1,5,-5.06750011444,0.0190999992192,-0.000648115004878,9.56311321259,4.98758077621
0,9,0,2,25,1,1,7,-5.0015001297,0.0190999992192,-0.000648115004878,9.56311321259,4.98758077621
0,9,0,2,25,1,1,9,-4.93550014496,0.0190999992192,-0.000648115004878,9.56311321259,4.98758077621
0,9,0,2,25,1,1,0,-5.13350009918,0.0190999992192,0.0014830470318,9.3376531601,4.98758077621
0,9,0,2,25,1,1,2,-5.13350009918,0.0190999992192,0.0014830470318,9.3376531601,4.98758077621
0,9,0,2,25,1,1,4,-5.13350009918,0.0190999992192,0.0014830470318,9.3376531601,4.98758077621
0,9,0,2,25,1,1,6,-5.19950008392,0.0190999992192,0.0014830470318,9.3376531601,4.98758077621
0,9,0,2,25,1,1,8,-5.13350009918,0.0190999992192,0.0014830470318,9.3376531601,4.98758077621
0,9,1,4,104,1,1,1,-4.60550022125,0.0190999992192,0.000903314037714,9.32642841339,4.98758077621
0,9,1,4,104,1,1,3,-4.60550022125,0.0190999992192,0.000903314037714,9.32642841339,4.98758077621
0,9,1,4,104,1,1,5,-4.53950023651,0.0190999992192,0.000903314037714,9.32642841339,4.98758077621
0,9,1,4,104,1,1,7,-4.53950023651,0.0190999992192,0.000903314037714,9.32642841339,4.98758077621
0,9,1,4,104,1,1,9,-4.5064997673,0.0190999992192,0.000903314037714,9.32642841339,4.98758077621
0,9,1,4,104,1,1,0,-7.179500103,0.0190999992192,0.000479206180898,6.84993457794,4.98758077621
0,9,1,4,104,1,1,2,-7.21250009537,0.0190999992192,0.000479206180898,6.84993457794,4.98758077621
0,9,1,4,104,1,1,4,-7.179500103,0.0190999992192,0.000479206180898,6.84993457794,4.98758077621
0,9,1,4,104,1,1,6,-7.179500103,0.0190999992192,0.000479206180898,6.84993457794,4.98758077621
0,9,1,4,104,1,1,8,-7.179500103,0.0190999992192,0.000479206180898,6.84993457794,4.98758077621
0,9,1,4,120,1,1,1,-7.31150007248,0.0190999992192,-2.2466709197e-05,8.71860218048,4.98758077621
0,9,1,4,120,1,1,3,-7.31150007248,0.0190999992192,-2.2466709197e-05,8.71860218048,4.98758077621
0,9,1,4,120,1,1,5,-7.24550008774,0.0190999992192,-2.2466709197e-05,8.71860218048,4.98758077621
0,9,1,4,120,1,1,7,-7.179500103,0.0190999992192,-2.2466709197e-05,8.71860218048,4.98758077621
0,9,1,4,120,1,1,9,-7.179500103,0.0190999992192,-2.2466709197e-05,8.71860218048,4.98758077621
0,9,1,4,120,1,1,0,-6.45349979401,0.0190999992192,-3.99101008952e-05,8.17309570312,4.98758077621
0,9,1,4,120,1,1,2,-6.32149982452,0.0190999992192,-3.99101008952e-05,8.17309570312,4.98758077621
0,9,1,4,120,1,1,4,-6.25549983978,0.0190999992192,-3.99101008952e-05,8.17309570312,4.98758077621
0,9,1,4,120,1,1,6,-6.18949985504,0.0190999992192,-3.99101008952e-05,8.17309570312,4.98758077621
0,9,1,4,120,1,1,8,-6.1234998703,0.0190999992192,-3.99101008952e-05,8.17309570312,4.98758077621
0,9,1,4,124,1,1,1,-4.60550022125,0.0190999992192,-7.91662387201e-05,9.44131946564,4.98758077621
0,9,1,4,124,1,1,3,-4.67150020599,0.0190999992192,-7.91662387201e-05,9.44131946564,4.98758077621
0,9,1,4,124,1,1,5,-4.67150020599,0.0190999992192,-7.91662387201e-05,9.44131946564,4.98758077621
0,9,1,4,124,1,1,7,-4.60550022125,0.0190999992192,-7.91662387201e-05,9.44131946564,4.98758077621
0,9,1,4,124,1,1,9,-4.60550022125,0.0190999992192,-7.91662387201e-05,9.44131946564,4.98758077621
0,9,1,4,124,1,1,0,-5.72749996185,0.0190999992192,0.000270913355052,9.21914863586,4.98758077621
0,9,1,4,124,1,1,2,-5.72749996185,0.0190999992192,0.000270913355052,9.21914863586,4.98758077621
0,9,1,4,124,1,1,4,-5.66149997711,0.0190999992192,0.000270913355052,9.21914863586,4.98758077621
0,9,1,4,124,1,1,6,-5.66149997711,0.0190999992192,0.000270913355052,9.21914863586,4.98758077621
0,9,1,4,124,1,1,8,-5.59549999237,0.0190999992192,0.000270913355052,9.21914863586,4.98758077621
0,10,0,1,4,1,1,1,-7.31150007248,0.0190999992192,0.000339178775903,6.62697792053,4.98758077621
0,10,0,1,4,1,1,3,-7.31150007248,0.0190999992192,0.000339178775903,6.62697792053,4.98758077621
0,10,0,1,4,1,1,5,-7.24550008774,0.0190999992192,0.000339178775903,6.62697792053,4.98758077621
0,10,0,1,4,1,1,7,-7.24550008774,0.0190999992192,0.000339178775903,6.62697792053,4.98758077621
0,10,0,1,4,1,1,9,-7.24550008774,0.0190999992192,0.000339178775903,6.62697792053,4.98758077621
0,10,0,1,4,1,1,0,-5.06750011444,0.0190999992192,0.000562910398003,8.44538593292,3.99006462097
0,10,0,1,4,1,1,2,-5.13350009918,0.0190999992192,0.000562910398003,8.44538593292,3.99006462097
0,10,0,1,4,1,1,6,-5.26550006866,0.0190999992192,0.000562910398003,8.44538593292,3.99006462097
0,10,0,1,4,1,1,8,-5.26550006866,0.0190999992192,0.000562910398003,8.44538593292,3.99006462097
0,10,0,1,20,1,1,1,-6.38749980927,0.0190999992192,-0.000295767764328,7.94080114365,3.99006462097
0,10,0,1,20,1,1,3,-6.45349979401,0.0190999992192,-0.000295767764328,7.94080114365,3.99006462097
0,10,0,1,20,1,1,5,-6.45349979401,0.0190999992192,-0.000295767764328,7.94080114365,3.99006462097
0,10,0,1,20,1,1,7,-6.51949977875,0.0190999992192,-0.000295767764328,7.94080114365,3.99006462097
0,10,0,1,20,1,1,0,-5.72749996185,0.0190999992192,0.000734440458473,7.72371530533,4.98758077621
0,10,0,1,20,1,1,2,-5.82649993896,0.0190999992192,0.000734440458473,7.72371530533,4.98758077621
0,10,0,1,20,1,1,4,-5.85949993134,0.0190999992192,0.000734440458473,7.72371530533,4.98758077621
0,10,0,1,20,1,1,6,-5.99149990082,0.0190999992192,0.000734440458473,7.72371530533,4.98758077621
0,10,0,1,20,1,1,8,-6.05749988556,0.0190999992192,0.000734440458473,7.72371530533,4.98758077621
0,10,0,1,24,1,1,1,-5.5625,0.0190999992192,-0.00111528346315,8.70852947235,4.98758077621
0,10,0,1,24,1,1,3,-5.66149997711,0.0190999992192,-0.00111528346315,8.70852947235,4.98758077621
0,10,0,1,24,1,1,5,-5.72749996185,0.0190999992192,-0.00111528346315,8.70852947235,4.98758077621
0,10,0,1,24,1,1,7,-5.72749996185,0.0190999992192,-0.00111528346315,8.70852947235,4.98758077621
0,10,0,1,24,1,1,9,-5.79349994659,0.0190999992192,-0.00111528346315,8.70852947235,4.98758077621
0,10,0,1,24,1,1,0,-5.59549999237,0.0190999992192,-0.0006007674383,8.60360431671,4.98758077621
0,10,0,1,24,1,1,2,-5.59549999237,0.0190999992192,-0.0006007674383,8.60360431671,4.98758077621
0,10,0,1,24,1,1,4,-5.66149997711,0.0190999992192,-0.0006007674383,8.60360431671,4.98758077621
0,10,0,1,24,1,1,6,-5.66149997711,0.0190999992192,-0.0006007674383,8.60360431671,4.98758077621
0,10,0,1,24,1,1,8,-5.72749996185,0.0190999992192,-0.0006007674383,8.60360431671,4.98758077621
0,10,1,5,105,1,1,1,-5.33150005341,0.0190999992192,-0.000262426008703,8.33796787262,4.98758077621
0,10,1,5,105,1,1,3,-5.33150005341,0.0190999992192,-0.000262426008703,8.33796787262,4.98758077621
0,10,1,5,105,1,1,5,-5.33150005341,0.0190999992192,-0.000262426008703,8.33796787262,4.98758077621
0,10,1,5,105,1,1,7,-5.39750003815,0.0190999992192,-0.000262426008703,8.33796787262,4.98758077621
0,10,1,5,105,1,1,9,-5.43050003052,0.0190999992192,-0.000262426008703,8.33796787262,4.98758077621
0,10,1,5,105,1,1,0,-7.97149991989,0.0190999992192,-0.00046880118316,6.26801013947,4.98758077621
0,10,1,5,105,1,1,2,-8.03750038147,0.0190999992192,-0.00046880118316,6.26801013947,4.98758077621
0,10,1,5,105,1,1,4,-8.0045003891,0.0190999992192,-0.00046880118316,6.26801013947,4.98758077621
0,10,1,5,105,1,1,6,-7.97149991989,0.0190999992192,-0.00046880118316,6.26801013947,4.98758077621
0,10,1,5,105,1,1,8,-7.93849992752,0.0190999992192,-0.00046880118316,6.26801013947,4.98758077621
0,10,1,5,121,1,1,1,-6.51949977875,0.0190999992192,0.000204424693948,7.64495992661,3.99006462097
0,10,1,5,121,1,1,3,-6.51949977875,0.0190999992192,0.000204424693948,7.64495992661,3.99006462097
0,10,1,5,121,1,1,5,-6.58549976349,0.0190999992192,0.000204424693948,7.64495992661,3.99006462097
0,10,1,5,121,1,1,9,-6.68450021744,0.0190999992192,0.000204424693948,7.64495992661,3.99006462097
0,10,1,5,121,1,1,0,-6.45349979401,0.0190999992192,-0.00019124110986,7.61630105972,4.98758077621
0,10,1,5,121,1,1,2,-6.45349979401,0.0190999992192,-0.00019124110986,7.61630105972,4.98758077621
0,10,1,5,121,1,1,4,-6.51949977875,0.0190999992192,-0.00019124110986,7.61630105972,4.98758077621
0,10,1,5,121,1,1,6,-6.55249977112,0.0190999992192,-0.00019124110986,7.61630105972,4.98758077621
0,10,1,5,121,1,1,8,-6.58549976349,0.0190999992192,-0.00019124110986,7.61630105972,4.98758077621
0,10,1,5,125,1,1,1,-6.58549976349,0.0190999992192,0.000505438772961,8.5190486908,4.98758077621
0,10,1,5,125,1,1,3,-6.58549976349,0.0190999992192,0.000505438772961,8.5190486908,4.98758077621
0,10,1,5,125,1,1,5,-6.65150022507,0.0190999992192,0.000505438772961,8.5190486908,4.98758077621
0,10,1,5,125,1,1,7,-6.65150022507,0.0190999992192,0.000505438772961,8.5190486908,4.98758077621
0,10,1,5,125,1,1,9,-6.68450021744,0.0190999992192,0.000505438772961,8.5190486908,4.98758077621
0,10,1,5,125,1,1,0,-5.66149997711,0.0190999992192,-0.000307950918796,8.39572906494,4.98758077621
0,10,1,5,125,1,1,2,-5.66149997711,0.0190999992192,-0.000307950918796,8.39572906494,4.98758077621
0,10,1,5,125,1,1,4,-5.72749996185,0.0190999992192,-0.000307950918796,8.39572906494,4.98758077621
0,10,1,5,125,1,1,6,-5.72749996185,0.0190999992192,-0.000307950918796,8.39572906494,4.98758077621
0,10,1,5,125,1,1,8,-5.72749996185,0.0190999992192,-0.000307950918796,8.39572906494,4.98758077621
0,11,0,2,5,1,1,1,-9.35750007629,0.0190999992192,0.000280704145553,4.85443592072,4.98758077621
0,11,0,2,5,1,1,3,-9.35750007629,0.0190999992192,0.000280704145553,4.85443592072,4.98758077621
0,11,0,2,5,1,1,5,-9.35750007629,0.0190999992192,0.000280704145553,4.85443592072,4.98758077621
0,11,0,2,5,1,1,7,-9.29150009155,0.0190999992192,0.000280704145553,4.85443592072,4.98758077621
0,11,0,2,5,1,1,9,-9.29150009155,0.0190999992192,0.000280704145553,4.85443592072,4.98758077621
0,11,0,2,5,1,1,0,-7.77349996567,0.0190999992192,6.12442818237e-05,6.26333808899,4.98758077621
0,11,0,2,5,1,1,2,-7.67449998856,0.0190999992192,6.12442818237e-05,6.26333808899,4.98758077621
0,11,0,2,5,1,1,4,-7.60850000381,0.0190999992192,6.12442818237e-05,6.26333808899,4.98758077621
0,11,0,2,5,1,1,6,-7.57550001144,0.0190999992192,6.12442818237e-05,6.26333808899,4.98758077621
0,11,0,2,5,1,1,8,-7.5095000267,0.0190999992192,6.12442818237e-05,6.26333808899,4.98758077621
0,11,0,2,21,1,1,1,-8.16950035095,0.0190999992192,-0.000414658017689,5.8849811554,3.99006462097
0,11,0,2,21,1,1,3,-8.10350036621,0.0190999992192,-0.000414658017689,5.8849811554,3.99006462097
0,11,0,2,21,1,1,5,-8.03750038147,0.0190999992192,-0.000414658017689,5.8849811554,3.99006462097
0,11,0,2,21,1,1,7,-7.97149991989,0.0190999992192,-0.000414658017689,5.8849811554,3.99006462097
0,11,0,2,21,1,1,0,-8.76350021362,0.0190999992192,-0.00135345978197,5.70905733109,4.98758077621
0,11,0,2,21,1,1,2,-8.76350021362,0.0190999992192,-0.00135345978197,5.70905733109,4.98758077621
0,11,0,2,21,1,1,4,-8.76350021362,0.0190999992192,-0.00135345978197,5.70905733109,4.98758077621
0,11,0,2,21,1,1,6,-8.69750022888,0.0190999992192,-0.00135345978197,5.70905733109,4.98758077621
0,11,0,2,21,1,1,8,-8.76350021362,0.0190999992192,-0.00135345978197,5.70905733109,4.98758077621
0,11,0,2,25,1,1,1,-8.36750030518,0.0190999992192,-0.000648115004878,6.50071334839,4.98758077621
0,11,0,2,25,1,1,3,-8.23550033569,0.0190999992192,-0.000648115004878,6.50071334839,4.98758077621
0,11,0,2,25,1,1,5,-8.16950035095,0.0190999992192,-0.000648115004878,6.50071334839,4.98758077621
0,11,0,2,25,1,1,7,-8.03750038147,0.0190999992192,-0.000648115004878,6.50071334839,4.98758077621
0,11,0,2,25,1,1,9,-7.97149991989,0.0190999992192,-0.000648115004878,6.50071334839,4.98758077621
0,11,0,2,25,1,1,0,-8.16950035095,0.0190999992192,-0.000655841780826,6.32637214661,4.98758077621
0,11,0,2,25,1,1,2,-8.16950035095,0.0190999992192,-0.000655841780826,6.32637214661,4.98758077621
0,11,0,2,25,1,1,4,-8.16950035095,0.0190999992192,-0.000655841780826,6.32637214661,4.98758077621
0,11,0,2,25,1,1,6,-8.16950035095,0.0190999992192,-0.000655841780826,6.32637214661,4.98758077621
0,11,0,2,25,1,1,8,-8.10350036621,0.0190999992192,-0.000655841780826,6.32637214661,4.98758077621
0,11,1,4,104,1,1,1,-8.36750030518,0.0190999992192,0.00136164738797,5.57327413559,4.98758077621
0,11,1,4,104,1,1,3,-8.33450031281,0.0190999992192,0.00136164738797,5.57327413559,4.98758077621
0,11,1,4,104,1,1,5,-8.30150032043,0.0190999992192,0.00136164738797,5.57327413559,4.98758077621
0,11,1,4,104,1,1,7,-8.30150032043,0.0190999992192,0.00136164738797,5.57327413559,4.98758077621
0,11,1,4,104,1,1,9,-8.23550033569,0.0190999992192,0.00136164738797,5.57327413559,4.98758077621
0,11,1,4,104,1,1,0,-10.0174999237,0.0190999992192,-0.00104857154656,3.96222066879,4.98758077621
0,11,1,4,104,1,1,2,-10.0834999084,0.0190999992192,-0.00104857154656,3.96222066879,4.98758077621
0,11,1,4,104,1,1,4,-10.0834999084,0.0190999992192,-0.00104857154656,3.96222066879,4.98758077621
0,11,1,4,104,1,1,6,-10.0504999161,0.0190999992192,-0.00104857154656,3.96222066879,4.98758077621
0,11,1,4,104,1,1,8,-10.0834999084,0.0190999992192,-0.00104857154656,3.96222066879,4.98758077621
0,11,1,4,124,1,1,3,-8.43350028992,0.0190999992192,-0.000857063336298,5.62931394577,3.99006462097
0,11,1,4,124,1,1,5,-8.49950027466,0.0190999992192,-0.000857063336298,5.62931394577,3.99006462097
0,11,1,4,124,1,1,7,-8.43350028992,0.0190999992192,-0.000857063336298,5.62931394577,3.99006462097
0,11,1,4,124,1,1,9,-8.43350028992,0.0190999992192,-0.000857063336298,5.62931394577,3.99006462097
0,11,1,4,124,1,1,0,-9.48950004578,0.0190999992192,-0.00125686440151,5.42833423615,4.98758077621
0,11,1,4,124,1,1,2,-9.48950004578,0.0190999992192,-0.00125686440151,5.42833423615,4.98758077621
0,11,1,4,124,1,1,4,-9.48950004578,0.0190999992192,-0.00125686440151,5.42833423615,4.98758077621
0,11,1,4,124,1,1,6,-9.42350006104,0.0190999992192,-0.00125686440151,5.42833423615,4.98758077621
0,11,1,4,124,1,1,8,-9.42350006104,0.0190999992192,-0.00125686440151,5.42833423615,4.98758077621
0,12,0,1,4,1,1,1,-7.08050012589,0.0190999992192,0.000644734303933,6.85593080521,4.98758077621
0,12,0,1,4,1,1,3,-7.04750013351,0.0190999992192,0.000644734303933,6.85593080521,4.98758077621
0,12,0,1,4,1,1,5,-7.04750013351,0.0190999992192,0.000644734303933,6.85593080521,4.98758077621
0,12,0,1,4,1,1,7,-7.01450014114,0.0190999992192,0.000644734303933,6.85593080521,4.98758077621
0,12,0,1,4,1,1,9,-7.01450014114,0.0190999992192,0.000644734303933,6.85593080521,4.98758077621
0,12,0,1,4,1,1,0,-5.46350002289,0.0190999992192,0.00189790187869,8.04118442535,2.99254846573
0,12,0,1,4,1,1,2,-5.52950000763,0.0190999992192,0.00189790187869,8.04118442535,2.99254846573
0,12,0,1,4,1,1,6,-5.66149997711,0.0190999992192,0.00189790187869,8.04118442535,2.99254846573
0,12,0,1,20,1,1,1,-6.18949985504,0.0190999992192,0.000315343349939,8.1072063446,3.99006462097
0,12,0,1,20,1,1,3,-6.25549983978,0.0190999992192,0.000315343349939,8.1072063446,3.99006462097
0,12,0,1,20,1,1,5,-6.32149982452,0.0190999992192,0.000315343349939,8.1072063446,3.99006462097
0,12,0,1,20,1,1,7,-6.32149982452,0.0190999992192,0.000315343349939,8.1072063446,3.99006462097
0,12,0,1,20,1,1,0,-6.18949985504,0.0190999992192,0.000428884872235,7.29376840591,4.98758077621
0,12,0,1,20,1,1,2,-6.25549983978,0.0190999992192,0.000428884872235,7.29376840591,4.98758077621
0,12,0,1,20,1,1,4,-6.32149982452,0.0190999992192,0.000428884872235,7.29376840591,4.98758077621
0,12,0,1,20,1,1,6,-6.38749980927,0.0190999992192,0.000428884872235,7.29376840591,4.98758077621
0,12,0,1,20,1,1,8,-6.51949977875,0.0190999992192,0.000428884872235,7.29376840591,4.98758077621
0,12,0,1,24,1,1,1,-5.46350002289,0.0190999992192,-0.000351394555764,8.84393596649,4.98758077621
0,12,0,1,24,1,1,3,-5.52950000763,0.0190999992192,-0.000351394555764,8.84393596649,4.98758077621
0,12,0,1,24,1,1,5,-5.59549999237,0.0190999992192,-0.000351394555764,8.84393596649,4.98758077621
0,12,0,1,24,1,1,7,-5.59549999237,0.0190999992192,-0.000351394555764,8.84393596649,4.98758077621
0,12,0,1,24,1,1,9,-5.72749996185,0.0190999992192,-0.000351394555764,8.84393596649,4.98758077621
0,12,0,1,24,1,1,0,-5.99149990082,0.0190999992192,-0.0006007674383,8.1658039093,4.98758077621
0,12,0,1,24,1,1,2,-6.05749988556,0.0190999992192,-0.0006007674383,8.1658039093,4.98758077621
0,12,0,1,24,1,1,4,-6.05749988556,0.0190999992192,-0.0006007674383,8.1658039093,4.98758077621
0,12,0,1,24,1,1,6,-6.1234998703,0.0190999992192,-0.0006007674383,8.1658039093,4.98758077621
0,12,0,1,24,1,1,8,-6.1234998703,0.0190999992192,-0.0006007674383,8.1658039093,4.98758077621
0,12,1,5,105,1,1,1,-5.52950000763,0.0190999992192,0.000501462898683,8.19266033173,4.98758077621
0,12,1,5,105,1,1,3,-5.46350002289,0.0190999992192,0.000501462898683,8.19266033173,4.98758077621
0,12,1,5,105,1,1,5,-5.49650001526,0.0190999992192,0.000501462898683,8.19266033173,4.98758077621
0,12,1,5,105,1,1,7,-5.52950000763,0.0190999992192,0.000501462898683,8.19266033173,4.98758077621
0,12,1,5,105,1,1,9,-5.59549999237,0.0190999992192,0.000501462898683,8.19266033173,4.98758077621
0,12,1,5,105,1,1,0,-8.76350021362,0.0190999992192,0.000295087724226,5.53221702576,4.98758077621
0,12,1,5,105,1,1,2,-8.76350021362,0.0190999992192,0.000295087724226,5.53221702576,4.98758077621
0,12,1,5,105,1,1,4,-8.76350021362,0.0190999992192,0.000295087724226,5.53221702576,4.98758077621
0,12,1,5,105,1,1,6,-8.69750022888,0.0190999992192,0.000295087724226,5.53221702576,4.98758077621
0,12,1,5,105,1,1,8,-8.69750022888,0.0190999992192,0.000295087724226,5.53221702576,4.98758077621
0,12,1,5,121,1,1,1,-6.58549976349,0.0190999992192,-5.0204936997e-05,7.54562902451,3.99006462097
0,12,1,5,121,1,1,3,-6.65150022507,0.0190999992192,-5.0204936997e-05,7.54562902451,3.99006462097
0,12,1,5,121,1,1,5,-6.65150022507,0.0190999992192,-5.0204936997e-05,7.54562902451,3.99006462097
0,12,1,5,121,1,1,9,-6.78350019455,0.0190999992192,-5.0204936997e-05,7.54562902451,3.99006462097
0,12,1,5,121,1,1,0,-7.179500103,0.0190999992192,0.000114314447274,6.85965394974,4.98758077621
0,12,1,5,121,1,1,2,-7.24550008774,0.0190999992192,0.000114314447274,6.85965394974,4.98758077621
0,12,1,5,121,1,1,4,-7.24550008774,0.0190999992192,0.000114314447274,6.85965394974,4.98758077621
0,12,1,5,121,1,1,6,-7.31150007248,0.0190999992192,0.000114314447274,6.85965394974,4.98758077621
0,12,1,5,121,1,1,8,-7.31150007248,0.0190999992192,0.000114314447274,6.85965394974,4.98758077621
0,12,1,5,125,1,1,1,-6.78350019455,0.0190999992192,-0.000258450105321,8.32335567474,4.98758077621
0,12,1,5,125,1,1,3,-6.78350019455,0.0190999992192,-0.000258450105321,8.32335567474,4.98758077621
0,12,1,5,125,1,1,5,-6.84950017929,0.0190999992192,-0.000258450105321,8.32335567474,4.98758077621
0,12,1,5,125,1,1,7,-6.84950017929,0.0190999992192,-0.000258450105321,8.32335567474,4.98758077621
0,12,1,5,125,1,1,9,-6.91550016403,0.0190999992192,-0.000258450105321,8.32335567474,4.98758077621
0,12,1,5,125,1,1,0,-6.38749980927,0.0190999992192,0.000303160195472,7.62383460999,4.98758077621
0,12,1,5,125,1,1,2,-6.45349979401,0.0190999992192,0.000303160195472,7.62383460999,4.98758077621
0,12,1,5,125,1,1,4,-6.51949977875,0.0190999992192,0.000303160195472,7.62383460999,4.98758077621
0,12,1,5,125,1,1,6,-6.45349979401,0.0190999992192,0.000303160195472,7.62383460999,4.98758077621
0,12,1,5,125,1,1,8,-6.45349979401,0.0190999992192,0.000303160195472,7.62383460999,4.98758077621
0,13,0,2,5,1,1,1,-9.48950004578,0.0190999992192,0.000280704145553,4.72243595123,4.98758077621
0,13,0,2,5,1,1,3,-9.48950004578,0.0190999992192,0.000280704145553,4.72243595123,4.98758077621
0,13,0,2,5,1,1,5,-9.48950004578,0.0190999992192,0.000280704145553,4.72243595123,4.98758077621
0,13,0,2,5,1,1,7,-9.42350006104,0.0190999992192,0.000280704145553,4.72243595123,4.98758077621
0,13,0,2,5,1,1,9,-9.42350006104,0.0190999992192,0.000280704145553,4.72243595123,4.98758077621
0,13,0,2,5,1,1,0,-7.90549993515,0.0190999992192,-0.00329986680299,6.11321878433,4.98758077621
0,13,0,2,5,1,1,2,-7.83949995041,0.0190999992192,-0.00329986680299,6.11321878433,4.98758077621
0,13,0,2,5,1,1,4,-7.77349996567,0.0190999992192,-0.00329986680299,6.11321878433,4.98758077621
0,13,0,2,5,1,1,6,-7.70749998093,0.0190999992192,-0.00329986680299,6.11321878433,4.98758077621
0,13,0,2,5,1,1,8,-7.5095000267,0.0190999992192,-0.00329986680299,6.11321878433,4.98758077621
0,13,0,2,21,1,1,1,-8.33450031281,0.0190999992192,9.4601251476e-05,5.71748542786,3.99006462097
0,13,0,2,21,1,1,3,-8.30150032043,0.0190999992192,9.4601251476e-05,5.71748542786,3.99006462097
0,13,0,2,21,1,1,5,-8.16950035095,0.0190999992192,9.4601251476e-05,5.71748542786,3.99006462097
0,13,0,2,21,1,1,7,-8.16950035095,0.0190999992192,9.4601251476e-05,5.71748542786,3.99006462097
0,13,0,2,21,1,1,2,-8.82950019836,0.0190999992192,0.000874381803442,5.61715984344,3.99006462097
0,13,0,2,21,1,1,4,-8.82950019836,0.0190999992192,0.000874381803442,5.61715984344,3.99006462097
0,13,0,2,21,1,1,6,-8.82950019836,0.0190999992192,0.000874381803442,5.61715984344,3.99006462097
0,13,0,2,21,1,1,8,-8.89550018311,0.0190999992192,0.000874381803442,5.61715984344,3.99006462097
0,13,0,2,25,1,1,1,-8.5655002594,0.0190999992192,0.000879662751686,6.26552724838,4.98758077621
0,13,0,2,25,1,1,3,-8.49950027466,0.0190999992192,0.000879662751686,6.26552724838,4.98758077621
0,13,0,2,25,1,1,5,-8.36750030518,0.0190999992192,0.000879662751686,6.26552724838,4.98758077621
0,13,0,2,25,1,1,7,-8.30150032043,0.0190999992192,0.000879662751686,6.26552724838,4.98758077621
0,13,0,2,25,1,1,9,-8.23550033569,0.0190999992192,0.000879662751686,6.26552724838,4.98758077621
0,13,0,2,25,1,1,0,-8.26850032806,0.0190999992192,0.000719158211723,6.23795986176,4.98758077621
0,13,0,2,25,1,1,2,-8.23550033569,0.0190999992192,0.000719158211723,6.23795986176,4.98758077621
0,13,0,2,25,1,1,4,-8.23550033569,0.0190999992192,0.000719158211723,6.23795986176,4.98758077621
0,13,0,2,25,1,1,6,-8.30150032043,0.0190999992192,0.000719158211723,6.23795986176,4.98758077621
0,13,0,2,25,1,1,8,-8.23550033569,0.0190999992192,0.000719158211723,6.23795986176,4.98758077621
0,13,1,4,104,1,1,1,-6.58549976349,0.0190999992192,0.000903314037714,7.34642839432,4.98758077621
0,13,1,4,104,1,1,3,-6.58549976349,0.0190999992192,0.000903314037714,7.34642839432,4.98758077621
0,13,1,4,104,1,1,5,-6.51949977875,0.0190999992192,0.000903314037714,7.34642839432,4.98758077621
0,13,1,4,104,1,1,7,-6.51949977875,0.0190999992192,0.000903314037714,7.34642839432,4.98758077621
0,13,1,4,104,1,1,9,-6.48649978638,0.0190999992192,0.000903314037714,7.34642839432,4.98758077621
0,13,1,4,104,1,1,0,-8.43350028992,0.0190999992192,-0.000743016018532,5.57057332993,4.98758077621
0,13,1,4,104,1,1,2,-8.49950027466,0.0190999992192,-0.000743016018532,5.57057332993,4.98758077621
0,13,1,4,104,1,1,4,-8.46650028229,0.0190999992192,-0.000743016018532,5.57057332993,4.98758077621
0,13,1,4,104,1,1,6,-8.43350028992,0.0190999992192,-0.000743016018532,5.57057332993,4.98758077621
0,13,1,4,104,1,1,8,-8.49950027466,0.0190999992192,-0.000743016018532,5.57057332993,4.98758077621
0,13,1,4,120,1,1,1,-9.22550010681,0.0190999992192,-2.2466709197e-05,6.87280225754,4.98758077621
0,13,1,4,120,1,1,3,-9.15950012207,0.0190999992192,-2.2466709197e-05,6.87280225754,4.98758077621
0,13,1,4,120,1,1,5,-9.09350013733,0.0190999992192,-2.2466709197e-05,6.87280225754,4.98758077621
0,13,1,4,120,1,1,7,-9.02750015259,0.0190999992192,-2.2466709197e-05,6.87280225754,4.98758077621
0,13,1,4,120,1,1,9,-9.09350013733,0.0190999992192,-2.2466709197e-05,6.87280225754,4.98758077621
0,13,1,4,120,1,1,0,-7.97149991989,0.0190999992192,-0.000498243432958,6.59684181213,4.98758077621
0,13,1,4,120,1,1,2,-7.90549993515,0.0190999992192,-0.000498243432958,6.59684181213,4.98758077621
0,13,1,4,120,1,1,4,-7.83949995041,0.0190999992192,-0.000498243432958,6.59684181213,4.98758077621
0,13,1,4,120,1,1,6,-7.7404999733,0.0190999992192,-0.000498243432958,6.59684181213,4.98758077621
0,13,1,4,120,1,1,8,-7.67449998856,0.0190999992192,-0.000498243432958,6.59684181213,4.98758077621
0,13,1,4,124,1,1,1,-6.6185002327,0.0190999992192,0.000684722675942,7.46011209488,4.98758077621
0,13,1,4,124,1,1,3,-6.65150022507,0.0190999992192,0.000684722675942,7.46011209488,4.98758077621
0,13,1,4,124,1,1,5,-6.65150022507,0.0190999992192,0.000684722675942,7.46011209488,4.98758077621
0,13,1,4,124,1,1,7,-6.58549976349,0.0190999992192,0.000684722675942,7.46011209488,4.98758077621
0,13,1,4,124,1,1,9,-6.58549976349,0.0190999992192,0.000684722675942,7.46011209488,4.98758077621
0,13,1,4,124,1,1,0,-7.5095000267,0.0190999992192,-0.00125686440151,7.42153453827,4.98758077621
0,13,1,4,124,1,1,2,-7.5095000267,0.0190999992192,-0.00125686440151,7.42153453827,4.98758077621
0,13,1,4,124,1,1,4,-7.47650003433,0.0190999992192,-0.00125686440151,7.42153453827,4.98758077621
0,13,1,4,124,1,1,6,-7.44350004196,0.0190999992192,-0.00125686440151,7.42153453827,4.98758077621
0,13,1,4,124,1,1,8,-7.44350004196,0.0190999992192,-0.00125686440151,7.42153453827,4.98758077621
0,14,0,2,5,1,1,1,-5.85949993134,0.0190999992192,-0.00124707364012,8.34782218933,4.98758077621
0,14,0,2,5,1,1,3,-5.85949993134,0.0190999992192,-0.00124707364012,8.34782218933,4.98758077621
0,14,0,2,5,1,1,5,-5.85949993134,0.0190999992192,-0.00124707364012,8.34782218933,4.98758077621
0,14,0,2,5,1,1,7,-5.79349994659,0.0190999992192,-0.00124707364012,8.34782218933,4.98758077621
0,14,0,2,5,1,1,9,-5.72749996185,0.0190999992192,-0.00124707364012,8.34782218933,4.98758077621
0,14,0,2,5,1,1,0,-2.65849995613,0.0190999992192,0.000366799824405,11.3539848328,4.98758077621
0,14,0,2,5,1,1,2,-2.55949997902,0.0190999992192,0.000366799824405,11.3539848328,4.98758077621
0,14,0,2,5,1,1,4,-2.52649998665,0.0190999992192,0.000366799824405,11.3539848328,4.98758077621
0,14,0,2,5,1,1,6,-2.49349999428,0.0190999992192,0.000366799824405,11.3539848328,4.98758077621
0,14,0,2,5,1,1,8,-2.39450001717,0.0190999992192,0.000366799824405,11.3539848328,4.98758077621
0,14,0,2,21,1,1,1,-3.87949991226,0.0190999992192,-0.00102576916106,10.2065753937,3.99006462097
0,14,0,2,21,1,1,3,-3.81349992752,0.0190999992192,-0.00102576916106,10.2065753937,3.99006462097
0,14,0,2,21,1,1,5,-3.68149995804,0.0190999992192,-0.00102576916106,10.2065753937,3.99006462097
0,14,0,2,21,1,1,7,-3.68149995804,0.0190999992192,-0.00102576916106,10.2065753937,3.99006462097
0,14,0,2,21,1,1,0,-4.01149988174,0.0190999992192,0.000785429147072,10.4363384247,4.98758077621
0,14,0,2,21,1,1,2,-4.01149988174,0.0190999992192,0.000785429147072,10.4363384247,4.98758077621
0,14,0,2,21,1,1,4,-4.01149988174,0.0190999992192,0.000785429147072,10.4363384247,4.98758077621
0,14,0,2,21,1,1,6,-4.01149988174,0.0190999992192,0.000785429147072,10.4363384247,4.98758077621
0,14,0,2,21,1,1,8,-4.07749986649,0.0190999992192,0.000785429147072,10.4363384247,4.98758077621
0,14,0,2,25,1,1,1,-3.6154999733,0.0190999992192,-0.000648115004878,11.2527132034,4.98758077621
0,14,0,2,25,1,1,3,-3.48350000381,0.0190999992192,-0.000648115004878,11.2527132034,4.98758077621
0,14,0,2,25,1,1,5,-3.41750001907,0.0190999992192,-0.000648115004878,11.2527132034,4.98758077621
0,14,0,2,25,1,1,7,-3.28550004959,0.0190999992192,-0.000648115004878,11.2527132034,4.98758077621
0,14,0,2,25,1,1,9,-3.21950006485,0.0190999992192,-0.000648115004878,11.2527132034,4.98758077621
0,14,0,2,25,1,1,0,-2.95549988747,0.0190999992192,-0.000655841780826,11.5403718948,4.98758077621
0,14,0,2,25,1,1,2,-2.95549988747,0.0190999992192,-0.000655841780826,11.5403718948,4.98758077621
0,14,0,2,25,1,1,4,-2.95549988747,0.0190999992192,-0.000655841780826,11.5403718948,4.98758077621
0,14,0,2,25,1,1,6,-2.95549988747,0.0190999992192,-0.000655841780826,11.5403718948,4.98758077621
0,14,0,2,25,1,1,8,-2.88949990273,0.0190999992192,-0.000655841780826,11.5403718948,4.98758077621
0,14,1,4,104,1,1,1,-3.41750001907,0.0190999992192,0.000139425159432,10.5167350769,4.98758077621
0,14,1,4,104,1,1,3,-3.41750001907,0.0190999992192,0.000139425159432,10.5167350769,4.98758077621
0,14,1,4,104,1,1,5,-3.35150003433,0.0190999992192,0.000139425159432,10.5167350769,4.98758077621
0,14,1,4,104,1,1,7,-3.35150003433,0.0190999992192,0.000139425159432,10.5167350769,4.98758077621
0,14,1,4,104,1,1,9,-3.35150003433,0.0190999992192,0.000139425159432,10.5167350769,4.98758077621
0,14,1,4,104,1,1,0,-5.66149997711,0.0190999992192,0.000173650638317,8.37768173218,4.98758077621
0,14,1,4,104,1,1,2,-5.66149997711,0.0190999992192,0.000173650638317,8.37768173218,4.98758077621
0,14,1,4,104,1,1,4,-5.66149997711,0.0190999992192,0.000173650638317,8.37768173218,4.98758077621
0,14,1,4,104,1,1,6,-5.66149997711,0.0190999992192,0.000173650638317,8.37768173218,4.98758077621
0,14,1,4,104,1,1,8,-5.66149997711,0.0190999992192,0.000173650638317,8.37768173218,4.98758077621
0,14,1,4,120,1,1,1,-6.25549983978,0.0190999992192,-2.2466709197e-05,9.77460193634,4.98758077621
0,14,1,4,120,1,1,3,-6.25549983978,0.0190999992192,-2.2466709197e-05,9.77460193634,4.98758077621
0,14,1,4,120,1,1,5,-6.18949985504,0.0190999992192,-2.2466709197e-05,9.77460193634,4.98758077621
0,14,1,4,120,1,1,7,-6.1234998703,0.0190999992192,-2.2466709197e-05,9.77460193634,4.98758077621
0,14,1,4,120,1,1,9,-6.1234998703,0.0190999992192,-2.2466709197e-05,9.77460193634,4.98758077621
0,14,1,4,120,1,1,0,-4.73750019073,0.0190999992192,-0.00095657678321,9.84078788757,4.98758077621
0,14,1,4,120,1,1,2,-4.67150020599,0.0190999992192,-0.00095657678321,9.84078788757,4.98758077621
0,14,1,4,120,1,1,4,-4.60550022125,0.0190999992192,-0.00095657678321,9.84078788757,4.98758077621
0,14,1,4,120,1,1,6,-4.47349977493,0.0190999992192,-0.00095657678321,9.84078788757,4.98758077621
0,14,1,4,120,1,1,8,-4.47349977493,0.0190999992192,-0.00095657678321,9.84078788757,4.98758077621
0,14,1,4,124,1,1,1,-3.35150003433,0.0190999992192,-0.000384721788578,10.7064714432,4.98758077621
0,14,1,4,124,1,1,3,-3.3845000267,0.0190999992192,-0.000384721788578,10.7064714432,4.98758077621
0,14,1,4,124,1,1,5,-3.41750001907,0.0190999992192,-0.000384721788578,10.7064714432,4.98758077621
0,14,1,4,124,1,1,7,-3.35150003433,0.0190999992192,-0.000384721788578,10.7064714432,4.98758077621
0,14,1,4,124,1,1,9,-3.35150003433,0.0190999992192,-0.000384721788578,10.7064714432,4.98758077621
0,14,1,4,124,1,1,0,-3.945499897,0.0190999992192,-0.00160640908871,11.0116901398,5.98509693146
0,14,1,4,124,1,1,2,-3.945499897,0.0190999992192,-0.00160640908871,11.0116901398,5.98509693146
0,14,1,4,124,1,1,4,-3.87949991226,0.0190999992192,-0.00160640908871,11.0116901398,5.98509693146
0,14,1,4,124,1,1,6,-3.87949991226,0.0190999992192,-0.00160640908871,11.0116901398,5.98509693146
0,14,1,4,124,1,1,8,-3.81349992752,0.0190999992192,-0.00160640908871,11.0116901398,5.98509693146
0,14,1,4,124,1,1,0,-3.74749994278,0.0190999992192,-0.00160640908871,11.0116901398,5.98509693146
0,15,0,1,4,1,1,1,-10.0174999237,0.0190999992192,0.000339178775903,3.92097806931,4.98758077621
0,15,0,1,4,1,1,3,-10.0174999237,0.0190999992192,0.000339178775903,3.92097806931,4.98758077621
0,15,0,1,4,1,1,5,-9.95149993896,0.0190999992192,0.000339178775903,3.92097806931,4.98758077621
0,15,0,1,4,1,1,7,-9.95149993896,0.0190999992192,0.000339178775903,3.92097806931,4.98758077621
0,15,0,1,4,1,1,9,-9.95149993896,0.0190999992192,0.000339178775903,3.92097806931,4.98758077621
0,15,0,1,4,1,1,0,-8.10350036621,0.0190999992192,0.000562910398003,5.40938615799,3.99006462097
0,15,0,1,4,1,1,2,-8.16950035095,0.0190999992192,0.000562910398003,5.40938615799,3.99006462097
0,15,0,1,4,1,1,6,-8.30150032043,0.0190999992192,0.000562910398003,5.40938615799,3.99006462097
0,15,0,1,4,1,1,8,-8.30150032043,0.0190999992192,0.000562910398003,5.40938615799,3.99006462097
0,15,0,1,20,1,1,1,-9.48950004578,0.0190999992192,0.000315343349939,4.80720663071,3.99006462097
0,15,0,1,20,1,1,3,-9.55550003052,0.0190999992192,0.000315343349939,4.80720663071,3.99006462097
0,15,0,1,20,1,1,5,-9.62150001526,0.0190999992192,0.000315343349939,4.80720663071,3.99006462097
0,15,0,1,20,1,1,7,-9.62150001526,0.0190999992192,0.000315343349939,4.80720663071,3.99006462097
0,15,0,1,20,1,1,0,-8.49950027466,0.0190999992192,0.000734440458473,4.95171546936,4.98758077621
0,15,0,1,20,1,1,2,-8.59850025177,0.0190999992192,0.000734440458473,4.95171546936,4.98758077621
0,15,0,1,20,1,1,4,-8.63150024414,0.0190999992192,0.000734440458473,4.95171546936,4.98758077621
0,15,0,1,20,1,1,6,-8.76350021362,0.0190999992192,0.000734440458473,4.95171546936,4.98758077621
0,15,0,1,20,1,1,8,-8.82950019836,0.0190999992192,0.000734440458473,4.95171546936,4.98758077621
0,15,0,1,24,1,1,1,-8.89550018311,0.0190999992192,-4.58389986306e-05,5.35488891602,4.98758077621
0,15,0,1,24,1,1,3,-8.99450016022,0.0190999992192,-4.58389986306e-05,5.35488891602,4.98758077621
0,15,0,1,24,1,1,5,-9.09350013733,0.0190999992192,-4.58389986306e-05,5.35488891602,4.98758077621
0,15,0,1,24,1,1,7,-9.09350013733,0.0190999992192,-4.58389986306e-05,5.35488891602,4.98758077621
0,15,0,1,24,1,1,9,-9.15950012207,0.0190999992192,-4.58389986306e-05,5.35488891602,4.98758077621
0,15,0,1,24,1,1,0,-8.76350021362,0.0190999992192,-0.00090632296633,5.42585659027,4.98758077621
0,15,0,1,24,1,1,2,-8.79650020599,0.0190999992192,-0.00090632296633,5.42585659027,4.98758077621
0,15,0,1,24,1,1,4,-8.82950019836,0.0190999992192,-0.00090632296633,5.42585659027,4.98758077621
0,15,0,1,24,1,1,6,-8.82950019836,0.0190999992192,-0.00090632296633,5.42585659027,4.98758077621
0,15,0,1,24,1,1,8,-8.89550018311,0.0190999992192,-0.00090632296633,5.42585659027,4.98758077621
0,15,1,5,105,1,1,1,-8.30150032043,0.0190999992192,0.000501462898683,5.43386077881,4.98758077621
0,15,1,5,105,1,1,3,-8.23550033569,0.0190999992192,0.000501462898683,5.43386077881,4.98758077621
0,15,1,5,105,1,1,5,-8.23550033569,0.0190999992192,0.000501462898683,5.43386077881,4.98758077621
0,15,1,5,105,1,1,7,-8.30150032043,0.0190999992192,0.000501462898683,5.43386077881,4.98758077621
0,15,1,5,105,1,1,9,-8.36750030518,0.0190999992192,0.000501462898683,5.43386077881,4.98758077621
0,15,1,5,105,1,1,0,-10.2484998703,0.0190999992192,-0.00107991229743,4.03140449524,4.98758077621
0,15,1,5,105,1,1,2,-10.2154998779,0.0190999992192,-0.00107991229743,4.03140449524,4.98758077621
0,15,1,5,105,1,1,4,-10.2814998627,0.0190999992192,-0.00107991229743,4.03140449524,4.98758077621
0,15,1,5,105,1,1,6,-10.2154998779,0.0190999992192,-0.00107991229743,4.03140449524,4.98758077621
0,15,1,5,105,1,1,8,-10.2154998779,0.0190999992192,-0.00107991229743,4.03140449524,4.98758077621
0,15,1,5,121,1,1,1,-9.22550010681,0.0190999992192,0.000169906750671,4.93428516388,4.98758077621
0,15,1,5,121,1,1,3,-9.25850009918,0.0190999992192,0.000169906750671,4.93428516388,4.98758077621
0,15,1,5,121,1,1,5,-9.29150009155,0.0190999992192,0.000169906750671,4.93428516388,4.98758077621
0,15,1,5,121,1,1,7,-9.35750007629,0.0190999992192,0.000169906750671,4.93428516388,4.98758077621
0,15,1,5,121,1,1,9,-9.42350006104,0.0190999992192,0.000169906750671,4.93428516388,4.98758077621
0,15,1,5,121,1,1,0,-9.15950012207,0.0190999992192,0.000310519186314,4.92190742493,3.99006462097
0,15,1,5,121,1,1,4,-9.22550010681,0.0190999992192,0.000310519186314,4.92190742493,3.99006462097
0,15,1,5,121,1,1,6,-9.22550010681,0.0190999992192,0.000310519186314,4.92190742493,3.99006462097
0,15,1,5,121,1,1,8,-9.29150009155,0.0190999992192,0.000310519186314,4.92190742493,3.99006462097
0,15,1,5,125,1,1,1,-9.6875,0.0190999992192,-0.000258450105321,5.41935586929,4.98758077621
0,15,1,5,125,1,1,3,-9.6875,0.0190999992192,-0.000258450105321,5.41935586929,4.98758077621
0,15,1,5,125,1,1,5,-9.75349998474,0.0190999992192,-0.000258450105321,5.41935586929,4.98758077621
0,15,1,5,125,1,1,7,-9.75349998474,0.0190999992192,-0.000258450105321,5.41935586929,4.98758077621
0,15,1,5,125,1,1,9,-9.81949996948,0.0190999992192,-0.000258450105321,5.41935586929,4.98758077621
0,15,1,5,125,1,1,0,-8.5655002594,0.0190999992192,-0.000307950918796,5.49172878265,4.98758077621
0,15,1,5,125,1,1,2,-8.5655002594,0.0190999992192,-0.000307950918796,5.49172878265,4.98758077621
0,15,1,5,125,1,1,4,-8.63150024414,0.0190999992192,-0.000307950918796,5.49172878265,4.98758077621
0,15,1,5,125,1,1,6,-8.63150024414,0.0190999992192,-0.000307950918796,5.49172878265,4.98758077621
0,15,1,5,125,1,1,8,-8.63150024414,0.0190999992192,-0.000307950918796,5.49172878265,4.98758077621
0,16,0,2,5,1,1,1,-9.58850002289,0.0190999992192,-0.00048318473273,4.65522909164,4.98758077621
0,16,0,2,5,1,1,3,-9.55550003052,0.0190999992192,-0.00048318473273,4.65522909164,4.98758077621
0,16,0,2,5,1,1,5,-9.55550003052,0.0190999992192,-0.00048318473273,4.65522909164,4.98758077621
0,16,0,2,5,1,1,7,-9.48950004578,0.0190999992192,-0.00048318473273,4.65522909164,4.98758077621
0,16,0,2,5,1,1,9,-9.48950004578,0.0190999992192,-0.00048318473273,4.65522909164,4.98758077621
0,16,0,2,5,1,1,0,-7.11350011826,0.0190999992192,6.12442818237e-05,6.88923788071,4.98758077621
0,16,0,2,5,1,1,2,-7.04750013351,0.0190999992192,6.12442818237e-05,6.88923788071,4.98758077621
0,16,0,2,5,1,1,4,-6.98150014877,0.0190999992192,6.12442818237e-05,6.88923788071,4.98758077621
0,16,0,2,5,1,1,6,-6.9485001564,0.0190999992192,6.12442818237e-05,6.88923788071,4.98758077621
0,16,0,2,5,1,1,8,-6.84950017929,0.0190999992192,6.12442818237e-05,6.88923788071,4.98758077621
0,16,0,2,21,1,1,1,-8.23550033569,0.0190999992192,-0.000414658017689,5.81898117065,3.99006462097
0,16,0,2,21,1,1,3,-8.16950035095,0.0190999992192,-0.000414658017689,5.81898117065,3.99006462097
0,16,0,2,21,1,1,5,-8.10350036621,0.0190999992192,-0.000414658017689,5.81898117065,3.99006462097
0,16,0,2,21,1,1,7,-8.03750038147,0.0190999992192,-0.000414658017689,5.81898117065,3.99006462097
0,16,0,2,21,1,1,0,-8.10350036621,0.0190999992192,-0.00104790413752,6.40520477295,4.98758077621
0,16,0,2,21,1,1,2,-8.07050037384,0.0190999992192,-0.00104790413752,6.40520477295,4.98758077621
0,16,0,2,21,1,1,4,-8.03750038147,0.0190999992192,-0.00104790413752,6.40520477295,4.98758077621
0,16,0,2,21,1,1,6,-8.03750038147,0.0190999992192,-0.00104790413752,6.40520477295,4.98758077621
0,16,0,2,21,1,1,8,-8.10350036621,0.0190999992192,-0.00104790413752,6.40520477295,4.98758077621
0,16,0,2,25,1,1,1,-8.40050029755,0.0190999992192,0.000115773887956,6.46232032776,4.98758077621
0,16,0,2,25,1,1,3,-8.30150032043,0.0190999992192,0.000115773887956,6.46232032776,4.98758077621
0,16,0,2,25,1,1,5,-8.16950035095,0.0190999992192,0.000115773887956,6.46232032776,4.98758077621
0,16,0,2,25,1,1,7,-8.10350036621,0.0190999992192,0.000115773887956,6.46232032776,4.98758077621
0,16,0,2,25,1,1,9,-8.03750038147,0.0190999992192,0.000115773887956,6.46232032776,4.98758077621
0,16,0,2,25,1,1,0,-7.5095000267,0.0190999992192,-0.000655841780826,6.98637247086,4.98758077621
0,16,0,2,25,1,1,2,-7.5095000267,0.0190999992192,-0.000655841780826,6.98637247086,4.98758077621
0,16,0,2,25,1,1,4,-7.5095000267,0.0190999992192,-0.000655841780826,6.98637247086,4.98758077621
0,16,0,2,25,1,1,6,-7.5095000267,0.0190999992192,-0.000655841780826,6.98637247086,4.98758077621
0,16,0,2,25,1,1,8,-7.44350004196,0.0190999992192,-0.000655841780826,6.98637247086,4.98758077621
0,16,1,4,104,1,1,1,-7.41050004959,0.0190999992192,0.000292202952551,6.50963354111,4.98758077621
0,16,1,4,104,1,1,3,-7.37750005722,0.0190999992192,0.000292202952551,6.50963354111,4.98758077621
0,16,1,4,104,1,1,5,-7.37750005722,0.0190999992192,0.000292202952551,6.50963354111,4.98758077621
0,16,1,4,104,1,1,7,-7.37750005722,0.0190999992192,0.000292202952551,6.50963354111,4.98758077621
0,16,1,4,104,1,1,9,-7.31150007248,0.0190999992192,0.000292202952551,6.50963354111,4.98758077621
0,16,1,4,104,1,1,0,-8.49950027466,0.0190999992192,0.000479206180898,5.52993440628,4.98758077621
0,16,1,4,104,1,1,2,-8.53250026703,0.0190999992192,0.000479206180898,5.52993440628,4.98758077621
0,16,1,4,104,1,1,4,-8.49950027466,0.0190999992192,0.000479206180898,5.52993440628,4.98758077621
0,16,1,4,104,1,1,6,-8.49950027466,0.0190999992192,0.000479206180898,5.52993440628,4.98758077621
0,16,1,4,104,1,1,8,-8.49950027466,0.0190999992192,0.000479206180898,5.52993440628,4.98758077621
0,16,1,4,120,1,1,1,-10.0174999237,0.0190999992192,-2.2466709197e-05,6.01260232925,4.98758077621
0,16,1,4,120,1,1,3,-10.0174999237,0.0190999992192,-2.2466709197e-05,6.01260232925,4.98758077621
0,16,1,4,120,1,1,5,-9.95149993896,0.0190999992192,-2.2466709197e-05,6.01260232925,4.98758077621
0,16,1,4,120,1,1,7,-9.88549995422,0.0190999992192,-2.2466709197e-05,6.01260232925,4.98758077621
0,16,1,4,120,1,1,9,-9.88549995422,0.0190999992192,-2.2466709197e-05,6.01260232925,4.98758077621
0,16,1,4,120,1,1,0,-8.16950035095,0.0190999992192,-0.00212957174517,6.37009763718,4.98758077621
0,16,1,4,120,1,1,2,-8.10350036621,0.0190999992192,-0.00212957174517,6.37009763718,4.98758077621
0,16,1,4,120,1,1,4,-8.13650035858,0.0190999992192,-0.00212957174517,6.37009763718,4.98758077621
0,16,1,4,120,1,1,6,-7.93849992752,0.0190999992192,-0.00212957174517,6.37009763718,4.98758077621
0,16,1,4,120,1,1,8,-7.83949995041,0.0190999992192,-0.00212957174517,6.37009763718,4.98758077621
0,16,1,4,124,1,1,1,-7.5095000267,0.0190999992192,0.00114305596799,6.61205816269,4.98758077621
0,16,1,4,124,1,1,3,-7.47650003433,0.0190999992192,0.00114305596799,6.61205816269,4.98758077621
0,16,1,4,124,1,1,5,-7.5095000267,0.0190999992192,0.00114305596799,6.61205816269,4.98758077621
0,16,1,4,124,1,1,7,-7.44350004196,0.0190999992192,0.00114305596799,6.61205816269,4.98758077621
0,16,1,4,124,1,1,9,-7.44350004196,0.0190999992192,0.00114305596799,6.61205816269,4.98758077621
0,16,1,4,124,1,1,0,-7.77349996567,0.0190999992192,-0.00125686440151,7.14433431625,4.98758077621
0,16,1,4,124,1,1,2,-7.77349996567,0.0190999992192,-0.00125686440151,7.14433431625,4.98758077621
0,16,1,4,124,1,1,4,-7.77349996567,0.0190999992192,-0.00125686440151,7.14433431625,4.98758077621
0,16,1,4,124,1,1,6,-7.70749998093,0.0190999992192,-0.00125686440151,7.14433431625,4.98758077621
0,16,1,4,124,1,1,8,-7.70749998093,0.0190999992192,-0.00125686440151,7.14433431625,4.98758077621
0,17,0,2,5,1,1,1,-9.09350013733,0.0190999992192,-0.00048318473273,5.11612939835,4.98758077621
0,17,0,2,5,1,1,3,-9.09350013733,0.0190999992192,-0.00048318473273,5.11612939835,4.98758077621
0,17,0,2,5,1,1,5,-9.09350013733,0.0190999992192,-0.00048318473273,5.11612939835,4.98758077621
0,17,0,2,5,1,1,7,-9.02750015259,0.0190999992192,-0.00048318473273,5.11612939835,4.98758077621
0,17,0,2,5,1,1,9,-8.99450016022,0.0190999992192,-0.00048318473273,5.11612939835,4.98758077621
0,17,0,2,5,1,1,0,-5.99149990082,0.0190999992192,6.12442818237e-05,8.03213787079,4.98758077621
0,17,0,2,5,1,1,2,-5.89249992371,0.0190999992192,6.12442818237e-05,8.03213787079,4.98758077621
0,17,0,2,5,1,1,4,-5.85949993134,0.0190999992192,6.12442818237e-05,8.03213787079,4.98758077621
0,17,0,2,5,1,1,6,-5.79349994659,0.0190999992192,6.12442818237e-05,8.03213787079,4.98758077621
0,17,0,2,5,1,1,8,-5.72749996185,0.0190999992192,6.12442818237e-05,8.03213787079,4.98758077621
0,17,0,2,21,1,1,1,-7.5095000267,0.0190999992192,0.000400156801334,6.52668857574,3.99006462097
0,17,0,2,21,1,1,3,-7.47650003433,0.0190999992192,0.000400156801334,6.52668857574,3.99006462097
0,17,0,2,21,1,1,5,-7.37750005722,0.0190999992192,0.000400156801334,6.52668857574,3.99006462097
0,17,0,2,21,1,1,7,-7.34450006485,0.0190999992192,0.000400156801334,6.52668857574,3.99006462097
0,17,0,2,21,1,1,0,-7.04750013351,0.0190999992192,0.000785429147072,7.40033817291,4.98758077621
0,17,0,2,21,1,1,2,-7.04750013351,0.0190999992192,0.000785429147072,7.40033817291,4.98758077621
0,17,0,2,21,1,1,4,-7.04750013351,0.0190999992192,0.000785429147072,7.40033817291,4.98758077621
0,17,0,2,21,1,1,6,-7.04750013351,0.0190999992192,0.000785429147072,7.40033817291,4.98758077621
0,17,0,2,21,1,1,8,-7.11350011826,0.0190999992192,0.000785429147072,7.40033817291,4.98758077621
0,17,0,2,25,1,1,1,-7.37750005722,0.0190999992192,-0.000342559447745,7.46006631851,4.98758077621
0,17,0,2,25,1,1,3,-7.27850008011,0.0190999992192,-0.000342559447745,7.46006631851,4.98758077621
0,17,0,2,25,1,1,5,-7.179500103,0.0190999992192,-0.000342559447745,7.46006631851,4.98758077621
0,17,0,2,25,1,1,7,-7.11350011826,0.0190999992192,-0.000342559447745,7.46006631851,4.98758077621
0,17,0,2,25,1,1,9,-6.98150014877,0.0190999992192,-0.000342559447745,7.46006631851,4.98758077621
0,17,0,2,25,1,1,0,-6.58549976349,0.0190999992192,-0.000655841780826,7.91037225723,4.98758077621
0,17,0,2,25,1,1,2,-6.58549976349,0.0190999992192,-0.000655841780826,7.91037225723,4.98758077621
0,17,0,2,25,1,1,4,-6.58549976349,0.0190999992192,-0.000655841780826,7.91037225723,4.98758077621
0,17,0,2,25,1,1,6,-6.58549976349,0.0190999992192,-0.000655841780826,7.91037225723,4.98758077621
0,17,0,2,25,1,1,8,-6.51949977875,0.0190999992192,-0.000655841780826,7.91037225723,4.98758077621
0,17,1,5,105,1,1,1,-5.16650009155,0.0190999992192,-0.000262426008703,8.53706741333,4.98758077621
0,17,1,5,105,1,1,3,-5.13350009918,0.0190999992192,-0.000262426008703,8.53706741333,4.98758077621
0,17,1,5,105,1,1,5,-5.13350009918,0.0190999992192,-0.000262426008703,8.53706741333,4.98758077621
0,17,1,5,105,1,1,7,-5.19950008392,0.0190999992192,-0.000262426008703,8.53706741333,4.98758077621
0,17,1,5,105,1,1,9,-5.26550006866,0.0190999992192,-0.000262426008703,8.53706741333,4.98758077621
0,17,1,5,105,1,1,0,-8.30150032043,0.0190999992192,-1.04678447315e-05,5.98306465149,4.98758077621
0,17,1,5,105,1,1,2,-8.30150032043,0.0190999992192,-1.04678447315e-05,5.98306465149,4.98758077621
0,17,1,5,105,1,1,4,-8.30150032043,0.0190999992192,-1.04678447315e-05,5.98306465149,4.98758077621
0,17,1,5,105,1,1,6,-8.26850032806,0.0190999992192,-1.04678447315e-05,5.98306465149,4.98758077621
0,17,1,5,105,1,1,8,-8.23550033569,0.0190999992192,-1.04678447315e-05,5.98306465149,4.98758077621
0,17,1,5,121,1,1,1,-6.32149982452,0.0190999992192,0.000408128398703,7.82782459259,3.99006462097
0,17,1,5,121,1,1,3,-6.35449981689,0.0190999992192,0.000408128398703,7.82782459259,3.99006462097
0,17,1,5,121,1,1,5,-6.38749980927,0.0190999992192,0.000408128398703,7.82782459259,3.99006462097
0,17,1,5,121,1,1,9,-6.48649978638,0.0190999992192,0.000408128398703,7.82782459259,3.99006462097
0,17,1,5,121,1,1,0,-6.71750020981,0.0190999992192,0.000114314447274,7.36345386505,4.98758077621
0,17,1,5,121,1,1,2,-6.71750020981,0.0190999992192,0.000114314447274,7.36345386505,4.98758077621
0,17,1,5,121,1,1,4,-6.78350019455,0.0190999992192,0.000114314447274,7.36345386505,4.98758077621
0,17,1,5,121,1,1,6,-6.78350019455,0.0190999992192,0.000114314447274,7.36345386505,4.98758077621
0,17,1,5,121,1,1,8,-6.84950017929,0.0190999992192,0.000114314447274,7.36345386505,4.98758077621
0,17,1,5,125,1,1,1,-6.45349979401,0.0190999992192,-0.00199395650998,8.59500694275,5.98509693146
0,17,1,5,125,1,1,3,-6.51949977875,0.0190999992192,-0.00199395650998,8.59500694275,5.98509693146
0,17,1,5,125,1,1,5,-6.65150022507,0.0190999992192,-0.00199395650998,8.59500694275,5.98509693146
0,17,1,5,125,1,1,5,-6.51949977875,0.0190999992192,-0.00199395650998,8.59500694275,5.98509693146
0,17,1,5,125,1,1,7,-6.58549976349,0.0190999992192,-0.00199395650998,8.59500694275,5.98509693146
0,17,1,5,125,1,1,9,-6.58549976349,0.0190999992192,-0.00199395650998,8.59500694275,5.98509693146
0,17,1,5,125,1,1,0,-5.85949993134,0.0190999992192,-0.000307950918796,8.19772911072,4.98758077621
0,17,1,5,125,1,1,2,-5.85949993134,0.0190999992192,-0.000307950918796,8.19772911072,4.98758077621
0,17,1,5,125,1,1,4,-5.92549991608,0.0190999992192,-0.000307950918796,8.19772911072,4.98758077621
0,17,1,5,125,1,1,6,-5.92549991608,0.0190999992192,-0.000307950918796,8.19772911072,4.98758077621
0,17,1,5,125,1,1,8,-5.92549991608,0.0190999992192,-0.000307950918796,8.19772911072,4.98758077621
0,18,0,2,5,1,1,1,-7.31150007248,0.0190999992192,-0.00124707364012,6.89582204819,4.98758077621
0,18,0,2,5,1,1,3,-7.31150007248,0.0190999992192,-0.00124707364012,6.89582204819,4.98758077621
0,18,0,2,5,1,1,5,-7.31150007248,0.0190999992192,-0.00124707364012,6.89582204819,4.98758077621
0,18,0,2,5,1,1,7,-7.24550008774,0.0190999992192,-0.00124707364012,6.89582204819,4.98758077621
0,18,0,2,5,1,1,9,-7.179500103,0.0190999992192,-0.00124707364012,6.89582204819,4.98758077621
0,18,0,2,5,1,1,0,-3.81349992752,0.0190999992192,6.12442818237e-05,10.1892375946,4.98758077621
0,18,0,2,5,1,1,2,-3.74749994278,0.0190999992192,6.12442818237e-05,10.1892375946,4.98758077621
0,18,0,2,5,1,1,4,-3.68149995804,0.0190999992192,6.12442818237e-05,10.1892375946,4.98758077621
0,18,0,2,5,1,1,6,-3.64849996567,0.0190999992192,6.12442818237e-05,10.1892375946,4.98758077621
0,18,0,2,5,1,1,8,-3.54949998856,0.0190999992192,6.12442818237e-05,10.1892375946,4.98758077621
0,18,0,2,21,1,1,1,-5.46350002289,0.0190999992192,-0.000414658017689,8.59098052979,3.99006462097
0,18,0,2,21,1,1,3,-5.39750003815,0.0190999992192,-0.000414658017689,8.59098052979,3.99006462097
0,18,0,2,21,1,1,5,-5.33150005341,0.0190999992192,-0.000414658017689,8.59098052979,3.99006462097
0,18,0,2,21,1,1,7,-5.26550006866,0.0190999992192,-0.000414658017689,8.59098052979,3.99006462097
0,18,0,2,21,1,1,0,-5.0015001297,0.0190999992192,0.000785429147072,9.44633769989,4.98758077621
0,18,0,2,21,1,1,2,-5.0015001297,0.0190999992192,0.000785429147072,9.44633769989,4.98758077621
0,18,0,2,21,1,1,4,-5.0015001297,0.0190999992192,0.000785429147072,9.44633769989,4.98758077621
0,18,0,2,21,1,1,6,-5.0015001297,0.0190999992192,0.000785429147072,9.44633769989,4.98758077621
0,18,0,2,21,1,1,8,-5.06750011444,0.0190999992192,0.000785429147072,9.44633769989,4.98758077621
0,18,0,3,22,1,1,1,-15.1654996872,0.0190999992192,-0.0255066398531,1.07658612728,4.98758077621
0,18,0,3,22,1,1,3,-14.967499733,0.0190999992192,-0.0255066398531,1.07658612728,4.98758077621
0,18,0,3,22,1,1,5,-14.703499794,0.0190999992192,-0.0255066398531,1.07658612728,4.98758077621
0,18,0,3,22,1,1,7,-14.5384998322,0.0190999992192,-0.0255066398531,1.07658612728,4.98758077621
0,18,0,3,22,1,1,9,-14.3074998856,0.0190999992192,-0.0255066398531,1.07658612728,4.98758077621
0,18,0,3,22,1,1,0,-1.37150001526,0.0190999992192,-0.00952711887658,12.8279390335,4.98758077621
0,18,0,3,22,1,1,2,-1.30550003052,0.0190999992192,-0.00952711887658,12.8279390335,4.98758077621
0,18,0,3,22,1,1,4,-1.27250003815,0.0190999992192,-0.00952711887658,12.8279390335,4.98758077621
0,18,0,3,22,1,1,6,-1.23950004578,0.0190999992192,-0.00952711887658,12.8279390335,4.98758077621
0,18,0,3,22,1,1,8,-1.17349994183,0.0190999992192,-0.00952711887658,12.8279390335,4.98758077621
0,18,0,3,23,1,1,1,-7.57550001144,0.0190999992192,-0.00282492861152,7.11112546921,3.99006462097
0,18,0,3,23,1,1,3,-7.67449998856,0.0190999992192,-0.00282492861152,7.11112546921,3.99006462097
0,18,0,3,23,1,1,7,-7.77349996567,0.0190999992192,-0.00282492861152,7.11112546921,3.99006462097
0,18,0,3,23,1,1,9,-7.77349996567,0.0190999992192,-0.00282492861152,7.11112546921,3.99006462097
0,18,0,3,23,1,1,0,-11.205499649,0.0190999992192,0.000159678456839,3.18367099762,4.98758077621
0,18,0,3,23,1,1,2,-11.205499649,0.0190999992192,0.000159678456839,3.18367099762,4.98758077621
0,18,0,3,23,1,1,4,-11.2384996414,0.0190999992192,0.000159678456839,3.18367099762,4.98758077621
0,18,0,3,23,1,1,6,-11.3374996185,0.0190999992192,0.000159678456839,3.18367099762,4.98758077621
0,18,0,3,23,1,1,8,-11.4034996033,0.0190999992192,0.000159678456839,3.18367099762,4.98758077621
0,18,0,2,25,1,1,1,-5.46350002289,0.0190999992192,-0.00125922611915,9.40330791473,4.98758077621
0,18,0,2,25,1,1,3,-5.36450004578,0.0190999992192,-0.00125922611915,9.40330791473,4.98758077621
0,18,0,2,25,1,1,5,-5.26550006866,0.0190999992192,-0.00125922611915,9.40330791473,4.98758077621
0,18,0,2,25,1,1,7,-5.10050010681,0.0190999992192,-0.00125922611915,9.40330791473,4.98758077621
0,18,0,2,25,1,1,9,-5.06750011444,0.0190999992192,-0.00125922611915,9.40330791473,4.98758077621
0,18,0,2,25,1,1,0,-4.01149988174,0.0190999992192,-0.000350286252797,10.5073194504,4.98758077621
0,18,0,2,25,1,1,2,-3.97849988937,0.0190999992192,-0.000350286252797,10.5073194504,4.98758077621
0,18,0,2,25,1,1,4,-3.97849988937,0.0190999992192,-0.000350286252797,10.5073194504,4.98758077621
0,18,0,2,25,1,1,6,-4.01149988174,0.0190999992192,-0.000350286252797,10.5073194504,4.98758077621
0,18,0,2,25,1,1,8,-3.945499897,0.0190999992192,-0.000350286252797,10.5073194504,4.98758077621
0,18,1,4,104,1,1,1,-4.80350017548,0.0190999992192,-0.000471685954835,9.09804058075,4.98758077621
0,18,1,4,104,1,1,3,-4.80350017548,0.0190999992192,-0.000471685954835,9.09804058075,4.98758077621
0,18,1,4,104,1,1,5,-4.77050018311,0.0190999992192,-0.000471685954835,9.09804058075,4.98758077621
0,18,1,4,104,1,1,7,-4.80350017548,0.0190999992192,-0.000471685954835,9.09804058075,4.98758077621
0,18,1,4,104,1,1,9,-4.73750019073,0.0190999992192,-0.000471685954835,9.09804058075,4.98758077621
0,18,1,4,104,1,1,0,-5.99149990082,0.0190999992192,2.0872857931e-05,8.01378059387,4.98758077621
0,18,1,4,104,1,1,2,-6.05749988556,0.0190999992192,2.0872857931e-05,8.01378059387,4.98758077621
0,18,1,4,104,1,1,4,-6.02449989319,0.0190999992192,2.0872857931e-05,8.01378059387,4.98758077621
0,18,1,4,104,1,1,6,-5.99149990082,0.0190999992192,2.0872857931e-05,8.01378059387,4.98758077621
0,18,1,4,104,1,1,8,-6.02449989319,0.0190999992192,2.0872857931e-05,8.01378059387,4.98758077621
0,18,1,4,120,1,1,1,-7.64149999619,0.0190999992192,-0.000633577816188,8.41090774536,4.98758077621
0,18,1,4,120,1,1,3,-7.57550001144,0.0190999992192,-0.000633577816188,8.41090774536,4.98758077621
0,18,1,4,120,1,1,5,-7.57550001144,0.0190999992192,-0.000633577816188,8.41090774536,4.98758077621
0,18,1,4,120,1,1,7,-7.5095000267,0.0190999992192,-0.000633577816188,8.41090774536,4.98758077621
0,18,1,4,120,1,1,9,-7.5095000267,0.0190999992192,-0.000633577816188,8.41090774536,4.98758077621
0,18,1,4,120,1,1,0,-5.33150005341,0.0190999992192,0.000571201031562,9.2492017746,4.98758077621
0,18,1,4,120,1,1,2,-5.26550006866,0.0190999992192,0.000571201031562,9.2492017746,4.98758077621
0,18,1,4,120,1,1,4,-5.19950008392,0.0190999992192,0.000571201031562,9.2492017746,4.98758077621
0,18,1,4,120,1,1,6,-5.06750011444,0.0190999992192,0.000571201031562,9.2492017746,4.98758077621
0,18,1,4,120,1,1,8,-5.0015001297,0.0190999992192,0.000571201031562,9.2492017746,4.98758077621
0,18,1,4,124,1,1,1,-4.73750019073,0.0190999992192,-0.000384721788578,9.33367156982,4.98758077621
0,18,1,4,124,1,1,3,-4.77050018311,0.0190999992192,-0.000384721788578,9.33367156982,4.98758077621
0,18,1,4,124,1,1,5,-4.77050018311,0.0190999992192,-0.000384721788578,9.33367156982,4.98758077621
0,18,1,4,124,1,1,7,-4.73750019073,0.0190999992192,-0.000384721788578,9.33367156982,4.98758077621
0,18,1,4,124,1,1,9,-4.73750019073,0.0190999992192,-0.000384721788578,9.33367156982,4.98758077621
0,18,1,4,124,1,1,0,-4.73750019073,0.0190999992192,-3.46422057191e-05,10.2188949585,4.98758077621
0,18,1,4,124,1,1,2,-4.70450019836,0.0190999992192,-3.46422057191e-05,10.2188949585,4.98758077621
0,18,1,4,124,1,1,4,-4.67150020599,0.0190999992192,-3.46422057191e-05,10.2188949585,4.98758077621
0,18,1,4,124,1,1,6,-4.67150020599,0.0190999992192,-3.46422057191e-05,10.2188949585,4.98758077621
0,18,1,4,124,1,1,8,-4.60550022125,0.0190999992192,-3.46422057191e-05,10.2188949585,4.98758077621
